{"name":"6dbbbf56-aca9-4977-bdee-3196e5de98e5","id":"/providers/Microsoft.Flow/flows/6dbbbf56-aca9-4977-bdee-3196e5de98e5","type":"Microsoft.Flow/flows","properties":{"apiId":"/providers/Microsoft.PowerApps/apis/shared_logicflows","displayName":"Copy of - Multisteps Timesheets Working","definition":{"metadata":{"workflowEntityId":null,"processAdvisorMetadata":null,"flowChargedByPaygo":null,"flowclientsuspensionreason":"None","flowclientsuspensiontime":null,"flowclientsuspensionreasondetails":"","creator":{"id":"d0cd72af-174b-405d-adcc-3264df8219f4","type":"User","tenantId":"de8311f0-8d17-417f-a9e9-8c79a42084d9"},"provisioningMethod":"FromDefinition","failureAlertSubscription":true,"clientLastModifiedTime":"2023-07-19T13:15:45.8976711Z"},"$schema":"https://schema.management.azure.com/providers/Microsoft.Logic/schemas/2016-06-01/workflowdefinition.json#","contentVersion":"1.0.0.0","parameters":{"$connections":{"defaultValue":{},"type":"Object"},"$authentication":{"defaultValue":{},"type":"SecureObject"}},"triggers":{"When_an_item_is_created_or_modified":{"recurrence":{"frequency":"Minute","interval":5},"splitOn":"@triggerOutputs()?['body/value']","metadata":{"operationMetadataId":"496cd644-7752-4b11-bd06-2dc4ac5cee74"},"type":"OpenApiConnection","inputs":{"host":{"apiId":"/providers/Microsoft.PowerApps/apis/shared_sharepointonline","connectionName":"shared_sharepointonline","operationId":"GetOnUpdatedItems"},"parameters":{"dataset":"https://bauergroup.sharepoint.com/sites/P-BKJV-BCP-UK-HS2-C2-C3-03A44110025","table":"c88fb6b0-90bb-4266-bd17-87c93ff406c6"},"authentication":"@parameters('$authentication')"},"conditions":[{"expression":"@not(equals(triggerBody()?['StartWF'],'No'))"}]}},"actions":{"Current_Contract_Status":{"runAfter":{},"metadata":{"operationMetadataId":"507dd57c-10f2-421d-bd23-6643ba55ae9c"},"type":"InitializeVariable","inputs":{"variables":[{"name":"varStatus","type":"string","value":"@triggerOutputs()?['body/Status/Value']"}]}},"Initialize_variable":{"runAfter":{"Initialize_variable_3":["Succeeded"]},"metadata":{"operationMetadataId":"809fe359-1e0f-471a-9aee-ba6c469959c3"},"type":"InitializeVariable","inputs":{"variables":[{"name":"varApproversArray","type":"string"}]}},"Get_items":{"runAfter":{"Initialize_variable_4":["Succeeded"]},"metadata":{"operationMetadataId":"649b603d-3a3a-4486-b931-693d3f396198"},"type":"OpenApiConnection","inputs":{"host":{"apiId":"/providers/Microsoft.PowerApps/apis/shared_sharepointonline","connectionName":"shared_sharepointonline_1","operationId":"GetItems"},"parameters":{"dataset":"https://bauergroup.sharepoint.com/sites/P-BKJV-BCP-UK-HS2-C2-C3-03A44110025","table":"c88fb6b0-90bb-4266-bd17-87c93ff406c6"},"authentication":"@parameters('$authentication')"}},"Initialize_variable_2":{"runAfter":{"Initialize_variable":["Succeeded"]},"metadata":{"operationMetadataId":"dda930d4-5447-46dd-952d-99a4d20a8517"},"type":"InitializeVariable","inputs":{"variables":[{"name":"varDeptApprovers","type":"string"}]}},"Switch":{"runAfter":{"Initialize_variable_2":["Succeeded"]},"cases":{"Manager_Approval":{"case":"Pending Manager Approval","actions":{"Scope":{"actions":{"Condition":{"actions":{"Apply_to_each":{"foreach":"@outputs('Wait_for_an_approval_2')?['body/responses']","actions":{"Update_status_to_Approver_Manager_":{"runAfter":{},"metadata":{"operationMetadataId":"8598ff1a-5c10-4c3a-982f-eed46191e20c"},"type":"OpenApiConnection","inputs":{"host":{"apiId":"/providers/Microsoft.PowerApps/apis/shared_sharepointonline","connectionName":"shared_sharepointonline_1","operationId":"PatchItem"},"parameters":{"dataset":"https://bauergroup.sharepoint.com/sites/P-BKJV-BCP-UK-HS2-C2-C3-03A44110025","table":"c88fb6b0-90bb-4266-bd17-87c93ff406c6","id":"@outputs('Update_item_properties')?['body/ID']","item/Title":"@triggerOutputs()?['body/Title']","item/Status/Value":"Pending Approver Manager","item/ApprovalComments":"\n\n✔️ Approved By Manager (@{items('Apply_to_each')?['responder/displayName']}) : @{items('Apply_to_each')?['comments']}  : (@{formatDateTime(utcNow(),'dd-MM-yyyy  HH:mm')})\n\n\n @{outputs('Update_item_properties')?['body/ApprovalComments']}\n\n","item/ManagerComments":"@outputs('Wait_for_an_approval_2')?['body/responseSummary']","item/StartWF":"Yes"},"authentication":"@parameters('$authentication')"}}},"runAfter":{},"metadata":{"operationMetadataId":"8f54300d-bc77-4e9f-b196-aecc390fc2e0"},"type":"Foreach"},"Set_variable_2":{"runAfter":{"Apply_to_each":["Succeeded"]},"metadata":{"operationMetadataId":"faa4f374-617d-455a-857c-eb02c920d555"},"type":"SetVariable","inputs":{"name":"varStatus","value":"Pending Approver Manager"}}},"runAfter":{"Wait_for_an_approval_2":["Succeeded"]},"else":{"actions":{"Apply_to_each_2":{"foreach":"@outputs('Wait_for_an_approval_2')?['body/responses']","actions":{"Update_item_to_Reject_By_Manager":{"runAfter":{},"metadata":{"operationMetadataId":"31e39328-8402-4fd8-b7e3-b20d8df48ff0"},"type":"OpenApiConnection","inputs":{"host":{"apiId":"/providers/Microsoft.PowerApps/apis/shared_sharepointonline","connectionName":"shared_sharepointonline_1","operationId":"PatchItem"},"parameters":{"dataset":"https://bauergroup.sharepoint.com/sites/P-BKJV-BCP-UK-HS2-C2-C3-03A44110025","table":"c88fb6b0-90bb-4266-bd17-87c93ff406c6","id":"@outputs('Update_item_properties')?['body/ID']","item/Title":"@triggerOutputs()?['body/Title']","item/Status/Value":"Rejected","item/ApprovalComments":"\n\n❌ Rejected by Manager  (@{items('Apply_to_each_2')?['responder/displayName']}) : @{items('Apply_to_each_2')?['comments']} : (@{formatDateTime(utcNow(),'dd-MM-yyyy  HH:mm')})\n\n\n @{outputs('Update_item_properties')?['body/ApprovalComments']}\n","item/ManagerComments":"@outputs('Wait_for_an_approval_2')?['body/responseSummary']","item/StartWF":"No"},"authentication":"@parameters('$authentication')"}}},"runAfter":{},"metadata":{"operationMetadataId":"88ad8659-7762-4125-866c-4b9f0c20841b"},"type":"Foreach"},"Set_variable_3":{"runAfter":{"Apply_to_each_2":["Succeeded"]},"metadata":{"operationMetadataId":"73c52940-112e-4fe5-a23e-302ae245246b"},"type":"SetVariable","inputs":{"name":"varStatus","value":"Rejected"}}}},"expression":{"equals":["@outputs('Wait_for_an_approval_2')?['body/outcome']","Approve"]},"metadata":{"operationMetadataId":"393ecf97-e597-444d-869e-9130b1894572"},"type":"If"},"Update_item_properties":{"runAfter":{},"metadata":{"operationMetadataId":"7a871043-af04-4679-98af-aac742402547"},"type":"OpenApiConnection","inputs":{"host":{"apiId":"/providers/Microsoft.PowerApps/apis/shared_sharepointonline","connectionName":"shared_sharepointonline_1","operationId":"PatchItem"},"parameters":{"dataset":"https://bauergroup.sharepoint.com/sites/P-BKJV-BCP-UK-HS2-C2-C3-03A44110025","table":"c88fb6b0-90bb-4266-bd17-87c93ff406c6","id":"@triggerOutputs()?['body/ID']","item/Title":"@triggerOutputs()?['body/Title']","item/Status/Value":"Pending Manager Approval","item/ApprovalComments":"📔 Approvel Started By (@{triggerOutputs()?['body/Author/DisplayName']}) : @{formatDateTime(utcNow(),'dd-MM-yyyy  HH:mm')}\n\n\n@{triggerOutputs()?['body/ApprovalComments']}","item/ApprovalLink":"@triggerOutputs()?['body/{Link}']","item/StartWF":"No"},"authentication":"@parameters('$authentication')"}},"Update_item_5":{"runAfter":{"Create_an_approval":["Succeeded"]},"metadata":{"operationMetadataId":"a88606b1-fa2d-49e5-a215-4d2cc7aeaf8d"},"type":"OpenApiConnection","inputs":{"host":{"apiId":"/providers/Microsoft.PowerApps/apis/shared_sharepointonline","connectionName":"shared_sharepointonline_1","operationId":"PatchItem"},"parameters":{"dataset":"https://bauergroup.sharepoint.com/sites/P-BKJV-BCP-UK-HS2-C2-C3-03A44110025","table":"c88fb6b0-90bb-4266-bd17-87c93ff406c6","id":"@triggerOutputs()?['body/ID']","item/Title":"@triggerOutputs()?['body/Title']","item/ApprovalLink":"@outputs('Create_an_approval')?['body/respondLink']"},"authentication":"@parameters('$authentication')"}},"Wait_for_an_approval_2":{"runAfter":{"Update_item_5":["Succeeded"]},"metadata":{"operationMetadataId":"c32a74df-cae0-441b-8201-8260433e1fff"},"type":"OpenApiConnectionWebhook","inputs":{"host":{"apiId":"/providers/Microsoft.PowerApps/apis/shared_approvals","connectionName":"shared_approvals_1","operationId":"WaitForAnApproval"},"parameters":{"approvalName":"@outputs('Create_an_approval')?['body/name']"},"authentication":"@parameters('$authentication')"}},"Create_an_approval":{"runAfter":{"Update_item_properties":["Succeeded"]},"metadata":{"operationMetadataId":"084b87c0-c251-4e28-8b7e-9a308a207984"},"type":"OpenApiConnection","inputs":{"host":{"apiId":"/providers/Microsoft.PowerApps/apis/shared_approvals","connectionName":"shared_approvals_1","operationId":"CreateAnApproval"},"parameters":{"approvalType":"Basic","ApprovalCreationInput/title":"Timesheet - @{outputs('Update_item_properties')?['body/Title']}","ApprovalCreationInput/assignedTo":"@{triggerOutputs()?['body/Manager/Email']};","ApprovalCreationInput/details":"@{triggerOutputs()?['body/Title']} - \n@{triggerOutputs()?['body/Status/Value']}","ApprovalCreationInput/itemLink":"@triggerOutputs()?['body/{Link}']","ApprovalCreationInput/itemLinkDescription":"@triggerOutputs()?['body/Title']","ApprovalCreationInput/requestor":"@{triggerOutputs()?['body/Author/Email']};","ApprovalCreationInput/enableNotifications":true,"ApprovalCreationInput/enableReassignment":true},"authentication":"@parameters('$authentication')"}}},"runAfter":{},"metadata":{"operationMetadataId":"275db20a-de25-42a5-a360-941b91471e4d"},"type":"Scope"}}},"Case":{"case":"Pending Approver Manager","actions":{"Scope_2":{"actions":{"Condition_2":{"actions":{"Apply_to_each_3":{"foreach":"@outputs('Wait_for_an_approval')?['body/responses']","actions":{"Update_item":{"runAfter":{},"metadata":{"operationMetadataId":"044007e2-5992-42d6-b3b8-26e2bafe4053"},"type":"OpenApiConnection","inputs":{"host":{"apiId":"/providers/Microsoft.PowerApps/apis/shared_sharepointonline","connectionName":"shared_sharepointonline_1","operationId":"PatchItem"},"parameters":{"dataset":"https://bauergroup.sharepoint.com/sites/P-BKJV-BCP-UK-HS2-C2-C3-03A44110025","table":"c88fb6b0-90bb-4266-bd17-87c93ff406c6","id":"@triggerOutputs()?['body/ID']","item/Title":"@triggerOutputs()?['body/Title']","item/Status/Value":"Approved","item/ApprovalComments":"✔️ Approved By Approver Manager ( @{items('Apply_to_each_3')?['responder/displayName']} )  : @{items('Apply_to_each_3')?['comments']}  : (@{formatDateTime(utcNow(),'dd-MM-yyyy  HH:mm')})\n\n @{outputs('Get_item')?['body/ApprovalComments']}","item/ApproverComments":"@outputs('Wait_for_an_approval')?['body/responseSummary']","item/StartWF":"No"},"authentication":"@parameters('$authentication')"}}},"runAfter":{},"metadata":{"operationMetadataId":"1985b2b7-6a32-4b00-9caa-9cd03311e42d"},"type":"Foreach"},"Set_variable_4":{"runAfter":{"Apply_to_each_3":["Succeeded"]},"metadata":{"operationMetadataId":"dcf2ebe9-16b7-4f1c-b565-a4afb791ab7a"},"type":"SetVariable","inputs":{"name":"varStatus","value":"Approved"}}},"runAfter":{"Wait_for_an_approval":["Succeeded"]},"else":{"actions":{"Apply_to_each_4":{"foreach":"@outputs('Wait_for_an_approval')?['body/responses']","actions":{"Update_item_2":{"runAfter":{},"metadata":{"operationMetadataId":"aeeb66fc-4938-46a1-a035-9b92be754e17"},"type":"OpenApiConnection","inputs":{"host":{"apiId":"/providers/Microsoft.PowerApps/apis/shared_sharepointonline","connectionName":"shared_sharepointonline_1","operationId":"PatchItem"},"parameters":{"dataset":"https://bauergroup.sharepoint.com/sites/P-BKJV-BCP-UK-HS2-C2-C3-03A44110025","table":"c88fb6b0-90bb-4266-bd17-87c93ff406c6","id":"@triggerOutputs()?['body/ID']","item/Title":"@triggerOutputs()?['body/Title']","item/Status/Value":"Rejected","item/ApprovalComments":"\n❌ Rejected By Approver Manager (@{items('Apply_to_each_4')?['responder/displayName']})  : @{items('Apply_to_each_4')?['comments']}  : (@{formatDateTime(utcNow(),'dd-MM-yyyy  HH:mm')})\n\n\n @{outputs('Get_item')?['body/ApprovalComments']}","item/ApproverComments":"@outputs('Wait_for_an_approval')?['body/responseSummary']","item/StartWF":"Yes"},"authentication":"@parameters('$authentication')"}}},"runAfter":{},"metadata":{"operationMetadataId":"6fc8c9df-b2b9-489b-bd6e-7110d035e2c9"},"type":"Foreach"},"Set_variable_5":{"runAfter":{"Apply_to_each_4":["Succeeded"]},"metadata":{"operationMetadataId":"cf20c54c-c3db-47fc-9c06-22ef54420482"},"type":"SetVariable","inputs":{"name":"varStatus","value":"Need more information"}}}},"expression":{"equals":["@outputs('Wait_for_an_approval')?['body/outcome']","Approve"]},"metadata":{"operationMetadataId":"5e6f7779-303e-4f2f-8cc7-a11c2489b159"},"type":"If"},"Wait_for_an_approval":{"runAfter":{"Update_item_6":["Succeeded"]},"metadata":{"operationMetadataId":"b63cf52a-490a-4748-b7c9-3d21d81558d3"},"type":"OpenApiConnectionWebhook","inputs":{"host":{"apiId":"/providers/Microsoft.PowerApps/apis/shared_approvals","connectionName":"shared_approvals_1","operationId":"WaitForAnApproval"},"parameters":{"approvalName":"@outputs('Create_an_approval_2')?['body/name']"},"authentication":"@parameters('$authentication')"}},"Update_item_6":{"runAfter":{"Create_an_approval_2":["Succeeded"]},"metadata":{"operationMetadataId":"e6681645-7468-49d7-867a-abed2b5515cd"},"type":"OpenApiConnection","inputs":{"host":{"apiId":"/providers/Microsoft.PowerApps/apis/shared_sharepointonline","connectionName":"shared_sharepointonline_1","operationId":"PatchItem"},"parameters":{"dataset":"https://bauergroup.sharepoint.com/sites/P-BKJV-BCP-UK-HS2-C2-C3-03A44110025","table":"c88fb6b0-90bb-4266-bd17-87c93ff406c6","id":"@triggerOutputs()?['body/ID']","item/Title":"@triggerOutputs()?['body/Title']","item/ApprovalLink":"@outputs('Create_an_approval_2')?['body/respondLink']"},"authentication":"@parameters('$authentication')"}},"Update_item_properties_2":{"runAfter":{},"metadata":{"operationMetadataId":"7a871043-af04-4679-98af-aac742402547"},"type":"OpenApiConnection","inputs":{"host":{"apiId":"/providers/Microsoft.PowerApps/apis/shared_sharepointonline","connectionName":"shared_sharepointonline_1","operationId":"PatchItem"},"parameters":{"dataset":"https://bauergroup.sharepoint.com/sites/P-BKJV-BCP-UK-HS2-C2-C3-03A44110025","table":"c88fb6b0-90bb-4266-bd17-87c93ff406c6","id":"@triggerOutputs()?['body/ID']","item/Title":"@triggerOutputs()?['body/Title']","item/Status/Value":"Pending Approver Manager","item/ApprovalComments":"\n📔 Approvel Started By (@{triggerOutputs()?['body/Author/DisplayName']}) : @{formatDateTime(utcNow(),'dd-MM-yyyy  HH:mm')}\n\n\n@{triggerOutputs()?['body/ApprovalComments']}\n\n","item/ApprovalLink":"@triggerOutputs()?['body/{Link}']","item/StartWF":"No"},"authentication":"@parameters('$authentication')"}},"Create_an_approval_2":{"runAfter":{"Get_item":["Succeeded"]},"metadata":{"operationMetadataId":"b7c45e1c-9be8-4b9d-9a92-8f6002ec78ea"},"type":"OpenApiConnection","inputs":{"host":{"apiId":"/providers/Microsoft.PowerApps/apis/shared_approvals","connectionName":"shared_approvals_1","operationId":"CreateAnApproval"},"parameters":{"approvalType":"Basic","ApprovalCreationInput/title":"Timesheet - @{triggerOutputs()?['body/Title']}","ApprovalCreationInput/assignedTo":"@{variables('AppPeople')};","ApprovalCreationInput/details":"@{triggerOutputs()?['body/Title']} - @{triggerOutputs()?['body/Status/Value']}","ApprovalCreationInput/itemLink":"@triggerOutputs()?['body/{Link}']","ApprovalCreationInput/itemLinkDescription":"@triggerOutputs()?['body/Title']","ApprovalCreationInput/enableNotifications":true,"ApprovalCreationInput/enableReassignment":true},"authentication":"@parameters('$authentication')"}},"Get_item":{"runAfter":{"Update_item_properties_2":["Succeeded"]},"metadata":{"operationMetadataId":"0e7291bc-7b91-46f7-b5f8-757f57219f52"},"type":"OpenApiConnection","inputs":{"host":{"apiId":"/providers/Microsoft.PowerApps/apis/shared_sharepointonline","connectionName":"shared_sharepointonline_1","operationId":"GetItem"},"parameters":{"dataset":"https://bauergroup.sharepoint.com/sites/P-BKJV-BCP-UK-HS2-C2-C3-03A44110025","table":"c88fb6b0-90bb-4266-bd17-87c93ff406c6","id":"@triggerOutputs()?['body/ID']"},"authentication":"@parameters('$authentication')"}}},"runAfter":{},"metadata":{"operationMetadataId":"61e700bb-63a4-4b5e-af81-a1a1d7020473"},"type":"Scope"}}},"Case_2":{"case":"Need more information","actions":{"Scope_3":{"actions":{"Condition_4":{"actions":{"Set_variable_6":{"runAfter":{"Apply_to_each_7":["Succeeded"]},"metadata":{"operationMetadataId":"941d4b52-2c48-41c1-905a-ff25d16114af"},"type":"SetVariable","inputs":{"name":"varStatus","value":"Pending Manager Approval"}},"Apply_to_each_7":{"foreach":"@outputs('Wait_for_an_approval_3')?['body/responses']","actions":{"Update_item_3":{"runAfter":{},"metadata":{"operationMetadataId":"86baff34-246d-4e35-aa0a-d24fcfdede49"},"type":"OpenApiConnection","inputs":{"host":{"apiId":"/providers/Microsoft.PowerApps/apis/shared_sharepointonline","connectionName":"shared_sharepointonline_1","operationId":"PatchItem"},"parameters":{"dataset":"https://bauergroup.sharepoint.com/sites/P-BKJV-BCP-UK-HS2-C2-C3-03A44110025","table":"c88fb6b0-90bb-4266-bd17-87c93ff406c6","id":"@triggerOutputs()?['body/ID']","item/Title":"@triggerOutputs()?['body/Title']","item/Status/Value":"Pending Manager Approval","item/ApprovalComments":"Resubmitted for Review By @{triggerOutputs()?['body/Author/DisplayName']}  : (@{items('Apply_to_each_7')?['comments']}) :  (@{formatDateTime(utcNow(),'dd-MM-yyyy  HH:mm')})\n\n@{outputs('Get_item_2')?['body/ApprovalComments']}","item/StartWF":"Yes"},"authentication":"@parameters('$authentication')"}}},"runAfter":{},"metadata":{"operationMetadataId":"4e190c36-996b-40e6-9f13-f829bf958012"},"type":"Foreach"}},"runAfter":{"Get_item_2":["Succeeded"]},"else":{"actions":{"Apply_to_each_8":{"foreach":"@outputs('Wait_for_an_approval_3')?['body/responses']","actions":{"Update_item_4":{"runAfter":{},"metadata":{"operationMetadataId":"2ae140ad-4cbb-48cf-8a26-837d4495a0cd"},"type":"OpenApiConnection","inputs":{"host":{"apiId":"/providers/Microsoft.PowerApps/apis/shared_sharepointonline","connectionName":"shared_sharepointonline_1","operationId":"PatchItem"},"parameters":{"dataset":"https://bauergroup.sharepoint.com/sites/P-BKJV-BCP-UK-HS2-C2-C3-03A44110025","table":"c88fb6b0-90bb-4266-bd17-87c93ff406c6","id":"@outputs('Get_item_2')?['body/ID']","item/Title":"@triggerOutputs()?['body/Title']","item/Status/Value":"Withdraw","item/ApprovalComments":"Request Withdraw by @{outputs('Get_item_2')?['body/Author/DisplayName']}  : (@{items('Apply_to_each_8')?['comments']})  : (@{formatDateTime(utcNow(),'dd-MM-yyyy  HH:mm')})\n\n\n@{outputs('Get_item_2')?['body/ApprovalComments']}","item/StartWF":"No"},"authentication":"@parameters('$authentication')"}}},"runAfter":{},"metadata":{"operationMetadataId":"1fdced68-fc49-4acd-9c6d-3b300fa8bb2d"},"type":"Foreach"},"Set_variable_7":{"runAfter":{"Apply_to_each_8":["Succeeded"]},"metadata":{"operationMetadataId":"7d9ff869-13e1-4cfa-9e86-53127b2ea9ac"},"type":"SetVariable","inputs":{"name":"varStatus","value":"Approved"}}}},"expression":{"equals":["@outputs('Wait_for_an_approval_3')?['body/outcome']","Resubmit for Review"]},"metadata":{"operationMetadataId":"3eeefad5-972c-4c46-bd35-90240747bba9"},"type":"If"},"Get_item_2":{"runAfter":{"Wait_for_an_approval_3":["Succeeded"]},"metadata":{"operationMetadataId":"0f2ff7f1-f8f4-4bc9-89ac-e8d83e419c61"},"type":"OpenApiConnection","inputs":{"host":{"apiId":"/providers/Microsoft.PowerApps/apis/shared_sharepointonline","connectionName":"shared_sharepointonline_1","operationId":"GetItem"},"parameters":{"dataset":"https://bauergroup.sharepoint.com/sites/P-BKJV-BCP-UK-HS2-C2-C3-03A44110025","table":"c88fb6b0-90bb-4266-bd17-87c93ff406c6","id":"@triggerOutputs()?['body/ID']"},"authentication":"@parameters('$authentication')"}},"Terminate":{"runAfter":{},"metadata":{"operationMetadataId":"dffd2b48-0659-4569-9364-2cbd5db6e816"},"type":"Terminate","inputs":{"runStatus":"Succeeded"}},"Create_an_approval_3":{"runAfter":{"Terminate":["Succeeded"]},"metadata":{"operationMetadataId":"1139d723-6e0a-492d-9e88-455de9e7a6ca"},"type":"OpenApiConnection","inputs":{"host":{"apiId":"/providers/Microsoft.PowerApps/apis/shared_approvals","connectionName":"shared_approvals_1","operationId":"CreateAnApproval"},"parameters":{"approvalType":"CustomResponse","ApprovalCreationInput/responseOptions":["Resubmit for Review","Withdraw"],"ApprovalCreationInput/title":"Timesheet - @{triggerOutputs()?['body/Title']}","ApprovalCreationInput/assignedTo":"@{triggerOutputs()?['body/Author/Email']};","ApprovalCreationInput/itemLink":"@triggerOutputs()?['body/{Link}']","ApprovalCreationInput/enableNotifications":true,"ApprovalCreationInput/enableReassignment":true},"authentication":"@parameters('$authentication')"}},"Wait_for_an_approval_3":{"runAfter":{"Create_an_approval_3":["Succeeded"]},"metadata":{"operationMetadataId":"3d15510c-3433-4ab2-a7cf-ec2dd54665f5"},"type":"OpenApiConnectionWebhook","inputs":{"host":{"apiId":"/providers/Microsoft.PowerApps/apis/shared_approvals","connectionName":"shared_approvals_1","operationId":"WaitForAnApproval"},"parameters":{"approvalName":"@outputs('Create_an_approval_3')?['body/name']"},"authentication":"@parameters('$authentication')"}}},"runAfter":{},"metadata":{"operationMetadataId":"e83461c4-b8a1-439f-9cb4-9bcba71c09f1"},"type":"Scope"}}}},"default":{"actions":{}},"expression":"@variables('varStatus')","metadata":{"operationMetadataId":"d8d2083f-0f31-43fb-af9c-084dc41f791e"},"type":"Switch"},"Get_items_2":{"runAfter":{"Get_item_3":["Succeeded"]},"metadata":{"operationMetadataId":"653b8329-42c5-4841-baea-18060869d9e8"},"type":"OpenApiConnection","inputs":{"host":{"apiId":"/providers/Microsoft.PowerApps/apis/shared_sharepointonline","connectionName":"shared_sharepointonline_1","operationId":"GetItems"},"parameters":{"dataset":"https://bauergroup.sharepoint.com/sites/P-BKJV-BCP-UK-HS2-C2-C3-03A44110025","table":"760f8568-c52d-43a6-b473-c9843e0b02fb"},"authentication":"@parameters('$authentication')"}},"Get_item_3":{"runAfter":{"Get_items":["Succeeded"]},"metadata":{"operationMetadataId":"6cda10a1-994d-4ebe-a787-5b47277e6da7"},"type":"OpenApiConnection","inputs":{"host":{"apiId":"/providers/Microsoft.PowerApps/apis/shared_sharepointonline","connectionName":"shared_sharepointonline_1","operationId":"GetItem"},"parameters":{"dataset":"https://bauergroup.sharepoint.com/sites/P-BKJV-BCP-UK-HS2-C2-C3-03A44110025","table":"c88fb6b0-90bb-4266-bd17-87c93ff406c6","id":"@triggerOutputs()?['body/ID']"},"authentication":"@parameters('$authentication')"}},"Initialize_variable_3":{"runAfter":{"Compose":["Succeeded"]},"metadata":{"operationMetadataId":"fab6aa39-9897-4756-abd3-e2c475669cfa"},"type":"InitializeVariable","inputs":{"variables":[{"name":"VarApproval","type":"string"}]}},"Compose":{"runAfter":{"Compose_6":["Succeeded"]},"metadata":{"operationMetadataId":"a8fd8f81-19d6-4ec0-a59a-94cfc8787589"},"type":"Compose","inputs":"@outputs('Get_items')?['body/value']"},"Compose_4":{"runAfter":{"Get_items_2":["Succeeded"]},"metadata":{"operationMetadataId":"918193c3-bf35-46df-82ea-104f6694180c"},"type":"Compose","inputs":"@outputs('Get_item_3')?['body/SecondApprover']"},"Initialize_variable_4":{"runAfter":{"Current_Contract_Status":["Succeeded"]},"metadata":{"operationMetadataId":"8cf0c3e3-0239-4797-ab40-711eb19916b8"},"type":"InitializeVariable","inputs":{"variables":[{"name":"AppPeople","type":"string"}]}},"Apply_to_each_9":{"foreach":"@outputs('Get_item_3')?['body/SecondApprover']","actions":{"Append_to_string_variable":{"runAfter":{},"metadata":{"operationMetadataId":"0a988200-fa70-40f5-bff1-1c98a89d1005"},"type":"AppendToStringVariable","inputs":{"name":"AppPeople","value":"@{items('Apply_to_each_9')?['Email']};"}}},"runAfter":{"Compose_4":["Succeeded"]},"metadata":{"operationMetadataId":"3a7fd584-9d7e-4cfa-8e8d-aec5b64d8209"},"type":"Foreach"},"Compose_6":{"runAfter":{"Apply_to_each_9":["Succeeded"]},"metadata":{"operationMetadataId":"5bec1ecb-6459-4563-9268-c78b3c7defd3"},"type":"Compose","inputs":"@variables('AppPeople')"}}},"connectionReferences":{"shared_sharepointonline_1":{"connectionName":"489254ba1c63498bb43bea5c4c908ad7","source":"Embedded","id":"/providers/Microsoft.PowerApps/apis/shared_sharepointonline","tier":"NotSpecified"},"shared_approvals_1":{"connectionName":"shared-approvals-9752d6a4-3679-421f-88e3-72d6e33fc53f","source":"Embedded","id":"/providers/Microsoft.PowerApps/apis/shared_approvals","tier":"NotSpecified"},"shared_sharepointonline":{"connectionName":"489254ba1c63498bb43bea5c4c908ad7","source":"Embedded","id":"/providers/Microsoft.PowerApps/apis/shared_sharepointonline","tier":"NotSpecified"}},"flowFailureAlertSubscribed":false,"isManaged":false}}