{"name":"9caa7edf-85b4-4b9b-bdea-4e1a9c8ba999","id":"/providers/Microsoft.Flow/flows/9caa7edf-85b4-4b9b-bdea-4e1a9c8ba999","type":"Microsoft.Flow/flows","properties":{"apiId":"/providers/Microsoft.PowerApps/apis/shared_logicflows","displayName":"Test3","definition":{"metadata":{"workflowEntityId":null,"processAdvisorMetadata":null,"flowclientsuspensionreason":"None","flowclientsuspensiontime":null,"flowclientsuspensionreasondetails":null,"creator":{"id":"d0cd72af-174b-405d-adcc-3264df8219f4","type":"User","tenantId":"de8311f0-8d17-417f-a9e9-8c79a42084d9"},"provisioningMethod":"FromDefinition","failureAlertSubscription":true,"clientLastModifiedTime":"2022-11-09T10:46:36.3284957Z"},"$schema":"https://schema.management.azure.com/providers/Microsoft.Logic/schemas/2016-06-01/workflowdefinition.json#","contentVersion":"1.0.0.0","parameters":{"$connections":{"defaultValue":{},"type":"Object"},"$authentication":{"defaultValue":{},"type":"SecureObject"}},"triggers":{"manual":{"metadata":{"operationMetadataId":"f7ba2c70-6e0f-47f4-8f47-83d60a04236e"},"type":"Request","kind":"PowerApp","inputs":{"schema":{"type":"object","properties":{"Createfile_FileContent":{"type":"string","format":"binary","description":"The content of the file.. This parameter is used as part of \"54ABD2AA-2A38-4D09-94B8-D9F0628FE811\"","x-ms-powerflows-param-ispartial":true},"Createfile_FileContent_1":{"type":"string"}},"required":["Createfile_FileContent","Createfile_FileContent_1"]}}}},"actions":{"Create_file":{"runAfter":{},"metadata":{"operationMetadataId":"9440482e-43c7-4aab-a9fb-1bf91b725c09"},"type":"OpenApiConnection","inputs":{"host":{"apiId":"/providers/Microsoft.PowerApps/apis/shared_onedriveforbusiness","connectionName":"shared_onedriveforbusiness","operationId":"CreateFile"},"parameters":{"folderPath":"/","name":"ConsentForm.html","body":"<!DOCTYPE html>\n<html>\n<head>\n<title>Page Title</title>\n</head>\n<body>\n\n<h1>This is a Heading</h1>\n<p>This is a paragraph.</p>\nSign by: @{triggerBody()['Createfile_FileContent']}\n<img width=\"100px\" src=@{triggerBody()['Createfile_FileContent_1']}\n</body>\n</html>\n"},"authentication":{"value":"@json(decodeBase64(triggerOutputs().headers['X-MS-APIM-Tokens']))['$ConnectionKey']","type":"Raw"}},"runtimeConfiguration":{"contentTransfer":{"transferMode":"Chunked"}}},"Convert_file_using_path":{"runAfter":{"Create_file":["Succeeded"]},"metadata":{"operationMetadataId":"3d82b533-03b9-4ce3-8a8d-47050042c672"},"type":"OpenApiConnection","inputs":{"host":{"apiId":"/providers/Microsoft.PowerApps/apis/shared_onedriveforbusiness","connectionName":"shared_onedriveforbusiness","operationId":"ConvertFileByPath"},"parameters":{"path":"@outputs('Create_file')?['body/Path']","type":"PDF"},"authentication":{"value":"@json(decodeBase64(triggerOutputs().headers['X-MS-APIM-Tokens']))['$ConnectionKey']","type":"Raw"}}},"Create_file_2":{"runAfter":{"Convert_file_using_path":["Succeeded"]},"metadata":{"operationMetadataId":"d4d08e7a-8f91-4897-a726-0a6b4d8f8198"},"type":"OpenApiConnection","inputs":{"host":{"apiId":"/providers/Microsoft.PowerApps/apis/shared_onedriveforbusiness","connectionName":"shared_onedriveforbusiness","operationId":"CreateFile"},"parameters":{"folderPath":"@outputs('Create_file')?['body/Path']","name":"Consentform.pdf","body":"@body('Convert_file_using_path')"},"authentication":{"value":"@json(decodeBase64(triggerOutputs().headers['X-MS-APIM-Tokens']))['$ConnectionKey']","type":"Raw"}},"runtimeConfiguration":{"contentTransfer":{"transferMode":"Chunked"}}},"Get_file_content_using_path":{"runAfter":{"Create_file_2":["Succeeded"]},"metadata":{"operationMetadataId":"a1545ef8-b56f-4ff7-bec9-8dcadee95391"},"type":"OpenApiConnection","inputs":{"host":{"apiId":"/providers/Microsoft.PowerApps/apis/shared_onedriveforbusiness","connectionName":"shared_onedriveforbusiness","operationId":"GetFileContentByPath"},"parameters":{"path":"@outputs('Create_file_2')?['body/Path']","inferContentType":true},"authentication":{"value":"@json(decodeBase64(triggerOutputs().headers['X-MS-APIM-Tokens']))['$ConnectionKey']","type":"Raw"}}},"Respond_to_a_PowerApp_or_flow":{"runAfter":{"Get_file_content_using_path":["Succeeded"]},"metadata":{"operationMetadataId":"90b721c0-53f0-47fb-9b1c-1773cddbd969"},"type":"Response","kind":"PowerApp","inputs":{"statusCode":200,"body":{"pdffile":"@{body('Get_file_content_using_path')['$content']}"},"schema":{"type":"object","properties":{"pdffile":{"title":"pdffile","x-ms-dynamically-added":true,"type":"string","format":"byte"}}}}}}},"connectionReferences":{"shared_onedriveforbusiness":{"connectionName":"022351fc003744e6aa3b5b9336ae9165","source":"Invoker","id":"/providers/Microsoft.PowerApps/apis/shared_onedriveforbusiness","tier":"NotSpecified"}},"flowFailureAlertSubscribed":false,"isManaged":false}}