{"schemaVersion":"1.0","appDefinitionTemplate":{"id":"/providers/Microsoft.PowerApps/apps/","type":"Microsoft.PowerApps/apps","tags":{"primaryDeviceWidth":"1366","primaryDeviceHeight":"768","sienaVersion":"20230727T144819Z-3.23072.22.0","deviceCapabilities":"","supportsPortrait":"false","supportsLandscape":"true","primaryFormFactor":"Tablet","publisherVersion":"3.23072.22","minimumRequiredApiVersion":"2.2.0","hasComponent":"true","hasUnlockedComponent":"true","isUnifiedRootApp":"false"},"properties":{"appVersion":"2023-07-27T14:48:19Z","lifeCycleId":"Published","createdByClientVersion":{"major":3,"minor":23072,"build":22,"revision":0,"majorRevision":0,"minorRevision":0},"minClientVersion":{"major":3,"minor":23072,"build":22,"revision":0,"majorRevision":0,"minorRevision":0},"backgroundColor":"rgba(165, 34, 55, 1)","backgroundImageUri":"/17635660330004184783/N1b448c20-2b45-49e6-9b0c-da33a70f27cc-logoSmallFile","displayName":"BKJV Timesheet V3","description":"","commitMessage":"","appUris":{"documentUri":{"value":"/17635660330004184783/Nf904edc0-8ecd-4d7c-92db-944665441d46-document.msapp"},"imageUris":[],"additionalUris":[]},"createdTime":"0001-01-01T00:00:00Z","lastModifiedTime":"0001-01-01T00:00:00Z","sharedGroupsCount":0,"sharedUsersCount":0,"connectionReferences":{"223bcc83-f2e2-4a48-b628-9bf13645a9e6":{"id":"e4f60c4b-0bd4-4831-a5c6-5273c5ecf545","displayName":"Office 365 Users","iconUri":"https://connectoricons-prod.azureedge.net/releases/v1.0.1644/1.0.1644.3342/office365users/icon.png","dataSources":["Office365Users"],"dependencies":[],"dependents":[],"parameterHints":{},"parameterHintsV2":{},"isOnPremiseConnection":false,"dataSets":{},"apiTier":"Standard","isCustomApiConnection":false,"actions":["ManagerV2","DirectReportsV2","UserProfile","SearchUserV2"]},"8e4d9fc2-833c-48a1-8d94-17ae7521c2e4":{"id":"d17fc324-f140-4f71-ac1b-b5e63e938dd1","displayName":"SharePoint","iconUri":"https://connectoricons-prod.azureedge.net/u/shgogna/globalperconnector-train1/1.0.1639.3312/sharepointonline/icon.png","dataSources":["BillTo","TimeEntries","TimesheetManagerList"],"dependencies":[],"dependents":[],"parameterHints":{},"parameterHintsV2":{},"isOnPremiseConnection":false,"dataSets":{"https://bauergroup.sharepoint.com/sites/P-BKJV-BCP-UK-HS2-C2-C3-03A44110025":{"dataSources":{"BillTo":{"tableName":"4e6bb167-e047-4056-96d4-1caeb0d6c47c"},"TimeEntries":{"tableName":"c88fb6b0-90bb-4266-bd17-87c93ff406c6"},"TimesheetManagerList":{"tableName":"760f8568-c52d-43a6-b473-c9843e0b02fb"}}}},"apiTier":"Standard","isCustomApiConnection":false,"actions":["providers/PowerPlatform.Governance/Operations/Read","providers/PowerPlatform.Governance/Operations/Write","providers/PowerPlatform.Governance/Operations/Delete"]},"2b99082f-53b2-4cdf-84f6-93f445a6ca23":{"id":"e168f839-78b5-4355-b2ca-fd977104c234","displayName":"Logic flows","iconUri":"https://connectoricons-prod.azureedge.net/releases/v1.0.1645/1.0.1645.3345/logicflows/icon.png","dataSources":["ExportAdmin"],"dependencies":["c56af884-28aa-4d7a-a287-243455cfc20c"],"dependents":[],"parameterHints":{"workflowName":{"value":"99465e5f-ca1d-4c93-8bb9-be45ff7e6dae"},"workflowEntityId":{},"c56af884-28aa-4d7a-a287-243455cfc20c":{"value":"shared_onedriveforbusiness"}},"parameterHintsV2":{"workflowName":{"value":"99465e5f-ca1d-4c93-8bb9-be45ff7e6dae"},"workflowEntityId":{},"shared_onedriveforbusiness":{"value":"c56af884-28aa-4d7a-a287-243455cfc20c"}},"isOnPremiseConnection":false,"dataSets":{},"apiTier":"Standard","isCustomApiConnection":false,"actions":["Run"],"nestedActions":[{"id":"/providers/Microsoft.PowerApps/apis/shared_onedriveforbusiness/apiOperations/CreateFile","apiName":"OneDrive for Business","actionName":"CreateFile","referencedResources":[]},{"id":"/providers/Microsoft.PowerApps/apis/shared_onedriveforbusiness/apiOperations/CreateShareLinkV2","apiName":"OneDrive for Business","actionName":"CreateShareLinkV2","referencedResources":[]}]},"c56af884-28aa-4d7a-a287-243455cfc20c":{"id":"4691db71-9d3b-4556-872e-59583922010a","displayName":"OneDrive for Business","iconUri":"https://connectoricons-prod.azureedge.net/releases/v1.0.1647/1.0.1647.3361/onedriveforbusiness/icon.png","dataSources":[],"dependencies":[],"dependents":["2b99082f-53b2-4cdf-84f6-93f445a6ca23"],"parameterHints":{},"parameterHintsV2":{},"isOnPremiseConnection":false,"dataSets":{},"apiTier":"Standard","isCustomApiConnection":false}},"databaseReferences":{},"almMode":"Environment","performanceOptimizationEnabled":true,"canConsumeAppPass":true,"enableModernRuntimeMode":false,"executionRestrictions":{"isTeamsOnly":false,"dataLossPreventionEvaluationResult":{"status":"Compliant","lastEvaluationDate":"2023-07-27T14:48:23.4798378Z","violations":[],"violationsByPolicy":[],"violationErrorMessage":"The app uses the following connectors: shared_office365users, shared_sharepointonline, shared_logicflows, shared_onedriveforbusiness."},"httpActionRestriction":{"appUsesSharepointHttpAction":false,"enforcementStrategy":"Legacy","evaluationTime":"2023-07-27T14:48:23.4797638Z"}}},"appType":"ClassicCanvasApp","appComponents":[]}}