{"schemaVersion":"1.0","appDefinitionTemplate":{"id":"/providers/Microsoft.PowerApps/apps/","type":"Microsoft.PowerApps/apps","tags":{"primaryDeviceWidth":"1366","primaryDeviceHeight":"768","supportsPortrait":"true","supportsLandscape":"true","primaryFormFactor":"Tablet","publisherVersion":"3.23073.23","minimumRequiredApiVersion":"2.2.0","hasComponent":"true","hasUnlockedComponent":"true","isUnifiedRootApp":"false","sienaVersion":"20230801T151603Z-3.23073.23.0"},"properties":{"appVersion":"2023-08-01T15:16:03Z","lifeCycleId":"Published","createdByClientVersion":{"major":3,"minor":23073,"build":23,"revision":0,"majorRevision":0,"minorRevision":0},"minClientVersion":{"major":3,"minor":23073,"build":23,"revision":0,"majorRevision":0,"minorRevision":0},"backgroundColor":"rgba(39, 113, 194, 1)","backgroundImageUri":"/2268693286613588295/Nfee6c480-e2fd-40fe-9fee-75615f8ab51f-logoSmallFile","displayName":"BKJV Dashboard V3","description":"","commitMessage":"","appUris":{"documentUri":{"value":"/2268693286613588295/Nd9839bbd-d2ed-471b-9b2e-a86e14558836-document.msapp"},"imageUris":[],"additionalUris":[]},"createdTime":"0001-01-01T00:00:00Z","lastModifiedTime":"0001-01-01T00:00:00Z","sharedGroupsCount":0,"sharedUsersCount":0,"connectionReferences":{"5b52a149-80b8-4dcb-9085-4f707d043069":{"id":"d17fc324-f140-4f71-ac1b-b5e63e938dd1","displayName":"SharePoint","iconUri":"https://connectoricons-prod.azureedge.net/u/shgogna/globalperconnector-train1/1.0.1639.3312/sharepointonline/icon.png","dataSources":["Compound and Offices","DailyReportData","DailyReportListOfEquipment","DailyReportPersonnel","Homeworkers Risk Assessment","Incident and Near Miss Report Form","BKJV & ExternalData","Additional Starter Data","New Starter Data","Observation Cards","Leaver Data","PlantCheckIN","PlantCheckOut","RegisterList","CheckINAndOUT","Training Attendance Form Data","AutomatedScannerList","Incident and Near Miss Report Form_1","IMS Change Request Form","Image Reader","Witness Statement","Minutes of Meeting","Route Delivery","BKJV Delivery Schedule","HireOUT","Desk Reservations","Desks","Request to Change","EmployeeOne","EKFB Hot Works Permit","BKJV PRD Labour","BKJV PRD Labour repeated","EKFB Appointment of Temporary Works Designated Individual","EKFB Appointment of Temporary Works Coordinator","BKJV-SHWEQ-00-FOR-014  Non-Conformance Reporting Form","TestList","Weekly Inspection of Paint Shop","6- 7.6PL F01 Report of Thorough Examination and Test of Concrete Hose","Weekly Inspection of Paint Shop_1","Face fit Test Form","Step Forward Proposal Form","Pre-Shut Down Checklist","NewPlantAndEquipment","TestCheck","Report Sign","ConsignmentInAndOut","tbl_Calendar","Billing","tbl_Timecard","tbl_TimeEntry","tbl_SickHoliday","Shopping Card Orders","Shopping Cart Items","Shopping Cart Ordered Items","Timesheet Lines1","Timesheet3","WorkTimesheet","AuditDemo","AuditAnswersDemo","AuditQuestionDemo","Asset List"],"dependencies":[],"dependents":["7fabc580-b16e-4668-9696-7b8872e1cce8","33a8a7c5-746c-471f-b433-410e47e1975f"],"parameterHints":{},"parameterHintsV2":{},"isOnPremiseConnection":false,"bypassConsent":false,"dataSets":{"https://bauergroup-my.sharepoint.com/personal/harry_agyemang_bauertech_co_uk":{"dataSources":{"Homeworkers Risk Assessment":{"tableName":"0043b873-c58a-45e8-bf8f-7569390865f5"},"Incident and Near Miss Report Form":{"tableName":"77cbac17-51f0-48c3-96fd-2af4bbe53c7b"}}},"https://bauergroup.sharepoint.com/sites/P-BKJV-BCP-UK-HS2-C2-C3-03A44110025":{"dataSources":{"Compound and Offices":{"tableName":"bbebbf14-3d19-4edd-8232-0b728272653d"},"DailyReportData":{"tableName":"1babfdf6-1dff-479a-b7c6-4b79f05b6102"},"DailyReportListOfEquipment":{"tableName":"1ed86db2-2785-4813-a245-7bb5373c772b"},"DailyReportPersonnel":{"tableName":"c3a919dc-33af-45e3-a1e0-6ab60419e863"},"BKJV & ExternalData":{"tableName":"f57f6985-3968-456d-83fc-2a37fc8149ec"},"Additional Starter Data":{"tableName":"514af904-6eb3-433c-835b-83586bf4106b"},"New Starter Data":{"tableName":"5aef48e9-2d36-45c1-98ac-4bd5d84e263f"},"Leaver Data":{"tableName":"7ab7ee50-a9ce-4958-a46e-73c76806db70"},"PlantCheckIN":{"tableName":"6e233a24-a1ce-47c2-b5ea-ff8c01f19223"},"PlantCheckOut":{"tableName":"ab834988-a84d-490a-948b-70bbe772c026"},"RegisterList":{"tableName":"7b2bdbcc-6ece-440f-a2dd-4549559befcd"},"CheckINAndOUT":{"tableName":"8cf97f66-f6db-432b-8c6e-a814624ef14a"},"HireOUT":{"tableName":"ada5cea3-9050-4a7b-9f19-6fc6abdcef8a"},"Desk Reservations":{"tableName":"9b0b4994-18ee-446f-8ab6-99818b5c0254"},"Desks":{"tableName":"7a42d244-f10c-4c16-8ea1-5b31355bc217"},"Request to Change":{"tableName":"8c11460e-a27d-4498-a454-3150d4def975"},"EmployeeOne":{"tableName":"d77aebc5-3b74-4c82-9aef-7226f5b81a4a"},"EKFB Hot Works Permit":{"tableName":"6d057513-f102-4daf-9309-38c1219ba910"},"BKJV PRD Labour":{"tableName":"bb1becaa-9e40-417a-b406-341147f4e0a9"},"BKJV PRD Labour repeated":{"tableName":"9c95e3e2-737e-4541-a4e9-064844e27092"},"EKFB Appointment of Temporary Works Designated Individual":{"tableName":"8bb3b01a-7a45-41bd-8399-a26c91a694f9"},"EKFB Appointment of Temporary Works Coordinator":{"tableName":"32c28179-2e26-4d97-b491-ca97104e04aa"},"BKJV-SHWEQ-00-FOR-014  Non-Conformance Reporting Form":{"tableName":"07a7e7fe-f758-4993-80ae-77dab0758cc0"},"TestList":{"tableName":"0558fc96-ab36-4d7b-9693-8fb7ffb61c93"},"Weekly Inspection of Paint Shop":{"tableName":"7a442108-d872-486a-970b-499706f869d1"},"6- 7.6PL F01 Report of Thorough Examination and Test of Concrete Hose":{"tableName":"88d7181b-fbd2-4f37-8ee2-0ee2087c01e4"},"Weekly Inspection of Paint Shop_1":{"tableName":"7a442108-d872-486a-970b-499706f869d1"},"Face fit Test Form":{"tableName":"c524a865-e956-4756-a96b-5a22188f539d"},"Step Forward Proposal Form":{"tableName":"26fe1392-2a99-4eaa-88d7-867c474d6c38"},"Pre-Shut Down Checklist":{"tableName":"c269218b-0ca8-458c-bef7-4c715c71ee79"},"NewPlantAndEquipment":{"tableName":"c0468b98-9bb6-49b9-9c41-ff31668176a0"},"TestCheck":{"tableName":"70d94691-1ae0-4420-b978-3a84fd699f22"},"Report Sign":{"tableName":"aa1e00fa-11fa-490f-b24a-94021a8aa639"},"ConsignmentInAndOut":{"tableName":"6ae5a3df-f2c6-4310-9079-8a483ee848f4"},"tbl_Calendar":{"tableName":"041210c3-d53c-4c15-9105-c17bb64d6822"},"Billing":{"tableName":"deb7982b-9808-491e-91a3-80f82b8621cf"},"tbl_Timecard":{"tableName":"ed81256d-cccb-46a6-8890-05c9775ba2c4"},"tbl_TimeEntry":{"tableName":"4aa1b770-dd03-4327-9ad7-29fef2d3f3ec"},"tbl_SickHoliday":{"tableName":"bd70de22-def2-48b4-ad77-2939881f5b0d"},"Shopping Card Orders":{"tableName":"34ab15f2-cba2-44a0-a54a-a899ee80da78"},"Shopping Cart Items":{"tableName":"40a8279c-a143-4a7c-98d3-4b9a42b61dc2"},"Shopping Cart Ordered Items":{"tableName":"b463c865-67cf-4fd6-88d3-05c7011ce3e8"},"Timesheet Lines1":{"tableName":"2ae8683d-0778-48f9-b893-9dcbdb008796"},"Timesheet3":{"tableName":"0c6da670-ae4f-45f7-9098-bb1be392dbad"},"WorkTimesheet":{"tableName":"94d3c2f1-f78b-4e21-b65d-261fb4046181"},"AuditDemo":{"tableName":"6a27dc6d-7a5f-4c15-af1e-86d92da768f9"},"AuditAnswersDemo":{"tableName":"afeda9d8-3a08-409b-a3a2-3f2925e28c33"},"AuditQuestionDemo":{"tableName":"e7fc9bc1-64b5-4b9c-b049-81712fb0872e"},"Asset List":{"tableName":"ef645af4-1a78-4022-9eea-7abf78cb589c"}}},"https://bauergroup.sharepoint.com/sites/P-BKJV-BCP-UK-HS2-C2-C3-03A44110025/_layouts/15/viewlsts.aspx?view=14":{"dataSources":{"Observation Cards":{"tableName":"bbf1a982-924c-4c1a-8315-44cfb9d9f4b9"},"Training Attendance Form Data":{"tableName":"e2433843-9d36-4f77-9de2-7eb8670a0dc3"},"AutomatedScannerList":{"tableName":"61dd6a20-867d-439f-b906-9255a6c81a13"},"Incident and Near Miss Report Form_1":{"tableName":"8d65d78b-da17-4cf5-985d-ec155ed27f46"},"IMS Change Request Form":{"tableName":"2ac2d358-e30f-4c24-85ed-393e86a4bf14"},"Image Reader":{"tableName":"5c4d0ddd-6d29-495c-a577-5b76b632d1a6"},"Witness Statement":{"tableName":"dafea09c-e63f-4495-bea9-e0d4ac3b246e"},"Minutes of Meeting":{"tableName":"199c5c7f-1a2f-496f-8a90-d74f84febfa3"},"Route Delivery":{"tableName":"3fed3b4f-c7e0-43ea-8a58-553616481466"},"BKJV Delivery Schedule":{"tableName":"b4f677e1-db64-4e00-aad3-9e4e36e5fa10"}}}},"apiTier":"Standard","isCustomApiConnection":false,"actions":["providers/PowerPlatform.Governance/Operations/Read"]},"7fabc580-b16e-4668-9696-7b8872e1cce8":{"id":"e168f839-78b5-4355-b2ca-fd977104c234","displayName":"Logic flows","iconUri":"https://connectoricons-prod.azureedge.net/releases/v1.0.1645/1.0.1645.3345/logicflows/icon.png","dataSources":["SaveScanLocation"],"dependencies":["5b52a149-80b8-4dcb-9085-4f707d043069"],"dependents":[],"parameterHints":{"workflowName":{"value":"965fe1a3-d548-46f7-b594-a7932f26b0e8"},"workflowEntityId":{},"5b52a149-80b8-4dcb-9085-4f707d043069":{"value":"shared_sharepointonline"}},"parameterHintsV2":{"workflowName":{"value":"965fe1a3-d548-46f7-b594-a7932f26b0e8"},"workflowEntityId":{},"shared_sharepointonline":{"value":"5b52a149-80b8-4dcb-9085-4f707d043069"}},"isOnPremiseConnection":false,"bypassConsent":false,"dataSets":{},"apiTier":"Standard","isCustomApiConnection":false,"nestedActions":[{"id":"/providers/Microsoft.PowerApps/apis/shared_sharepointonline/apiOperations/PostItem","apiName":"SharePoint","actionName":"PostItem","referencedResources":[{"key":"site","value":"https://bauergroup.sharepoint.com/sites/P-BKJV-BCP-UK-HS2-C2-C3-03A44110025"},{"key":"list","value":"5b8049e6-bc02-4f4f-9a7d-94e715166ec5"}]}]},"bf4987a2-2ea0-4483-90d7-5885611a13f2":{"id":"e4f60c4b-0bd4-4831-a5c6-5273c5ecf545","displayName":"Office 365 Users","iconUri":"https://connectoricons-prod.azureedge.net/releases/v1.0.1644/1.0.1644.3342/office365users/icon.png","dataSources":["Office365Users"],"dependencies":[],"dependents":[],"parameterHints":{},"parameterHintsV2":{},"isOnPremiseConnection":false,"bypassConsent":false,"dataSets":{},"apiTier":"Standard","isCustomApiConnection":false,"actions":["SearchUser","SearchUserV2"]},"f5afc72c-b80c-48dd-8054-0eab15c6748c":{"id":"e168f839-78b5-4355-b2ca-fd977104c234","displayName":"Logic flows","iconUri":"https://connectoricons-prod.azureedge.net/releases/v1.0.1645/1.0.1645.3345/logicflows/icon.png","dataSources":["Test3"],"dependencies":["5e24d890-1e4f-48cc-bed1-83dd45d28d9a"],"dependents":[],"parameterHints":{"workflowName":{"value":"c15683b2-b553-4e94-8106-4c25a07695f5"},"workflowEntityId":{},"5e24d890-1e4f-48cc-bed1-83dd45d28d9a":{"value":"shared_onedriveforbusiness"}},"parameterHintsV2":{"workflowName":{"value":"c15683b2-b553-4e94-8106-4c25a07695f5"},"workflowEntityId":{},"shared_onedriveforbusiness":{"value":"5e24d890-1e4f-48cc-bed1-83dd45d28d9a"}},"isOnPremiseConnection":false,"bypassConsent":false,"dataSets":{},"apiTier":"Standard","isCustomApiConnection":false,"nestedActions":[{"id":"/providers/Microsoft.PowerApps/apis/shared_onedriveforbusiness/apiOperations/CreateFile","apiName":"OneDrive for Business","actionName":"CreateFile","referencedResources":[]},{"id":"/providers/Microsoft.PowerApps/apis/shared_onedriveforbusiness/apiOperations/ConvertFileByPath","apiName":"OneDrive for Business","actionName":"ConvertFileByPath","referencedResources":[]},{"id":"/providers/Microsoft.PowerApps/apis/shared_onedriveforbusiness/apiOperations/GetFileContentByPath","apiName":"OneDrive for Business","actionName":"GetFileContentByPath","referencedResources":[]}]},"5e24d890-1e4f-48cc-bed1-83dd45d28d9a":{"id":"4691db71-9d3b-4556-872e-59583922010a","displayName":"OneDrive for Business","iconUri":"https://connectoricons-prod.azureedge.net/releases/v1.0.1647/1.0.1647.3361/onedriveforbusiness/icon.png","dataSources":[],"dependencies":[],"dependents":["f5afc72c-b80c-48dd-8054-0eab15c6748c","392ec1a5-0ff8-4d84-baa1-3c4902ea20ec","0b447617-cb92-49b5-8682-90c6f71e9340"],"parameterHints":{},"parameterHintsV2":{},"isOnPremiseConnection":false,"bypassConsent":false,"dataSets":{},"apiTier":"Standard","isCustomApiConnection":false},"ee61f7c0-c0d5-4faa-b868-b169b609911f":{"id":"d17fc324-f140-4f71-ac1b-b5e63e938dd1","displayName":"SharePoint","iconUri":"https://connectoricons-prod.azureedge.net/u/shgogna/globalperconnector-train1/1.0.1639.3312/sharepointonline/icon.png","dataSources":["Familiarisation Progam BKJV"],"dependencies":[],"dependents":[],"parameterHints":{},"parameterHintsV2":{},"isOnPremiseConnection":false,"bypassConsent":false,"dataSets":{"https://bauergroup.sharepoint.com/sites/P-BKJV-BCP-UK-HS2-C2-C3-03A44110025":{"dataSources":{"Familiarisation Progam BKJV":{"tableName":"691d12a3-f1e0-4258-b360-af24f5aa34e3"}}}},"apiTier":"Standard","isCustomApiConnection":false,"actions":["providers/PowerPlatform.Governance/Operations/Read"]},"392ec1a5-0ff8-4d84-baa1-3c4902ea20ec":{"id":"e168f839-78b5-4355-b2ca-fd977104c234","displayName":"Logic flows","iconUri":"https://connectoricons-prod.azureedge.net/releases/v1.0.1645/1.0.1645.3345/logicflows/icon.png","dataSources":["Sign"],"dependencies":["5e24d890-1e4f-48cc-bed1-83dd45d28d9a"],"dependents":[],"parameterHints":{"workflowName":{"value":"07a89c0a-7d4f-4c57-9e3d-471121cad2bf"},"workflowEntityId":{},"5e24d890-1e4f-48cc-bed1-83dd45d28d9a":{"value":"shared_onedriveforbusiness"}},"parameterHintsV2":{"workflowName":{"value":"07a89c0a-7d4f-4c57-9e3d-471121cad2bf"},"workflowEntityId":{},"shared_onedriveforbusiness":{"value":"5e24d890-1e4f-48cc-bed1-83dd45d28d9a"}},"isOnPremiseConnection":false,"bypassConsent":false,"dataSets":{},"apiTier":"Standard","isCustomApiConnection":false,"actions":["Run"],"nestedActions":[{"id":"/providers/Microsoft.PowerApps/apis/shared_onedriveforbusiness/apiOperations/CreateFile","apiName":"OneDrive for Business","actionName":"CreateFile","referencedResources":[]},{"id":"/providers/Microsoft.PowerApps/apis/shared_onedriveforbusiness/apiOperations/ConvertFileByPath","apiName":"OneDrive for Business","actionName":"ConvertFileByPath","referencedResources":[]},{"id":"/providers/Microsoft.PowerApps/apis/shared_onedriveforbusiness/apiOperations/GetFileContentByPath","apiName":"OneDrive for Business","actionName":"GetFileContentByPath","referencedResources":[]}]},"0b447617-cb92-49b5-8682-90c6f71e9340":{"id":"e168f839-78b5-4355-b2ca-fd977104c234","displayName":"Logic flows","iconUri":"https://connectoricons-prod.azureedge.net/releases/v1.0.1645/1.0.1645.3345/logicflows/icon.png","dataSources":["ExporttoExcel"],"dependencies":["5e24d890-1e4f-48cc-bed1-83dd45d28d9a"],"dependents":[],"parameterHints":{"workflowName":{"value":"325219d5-ba6b-4284-be94-52001b5a1f91"},"workflowEntityId":{},"5e24d890-1e4f-48cc-bed1-83dd45d28d9a":{"value":"shared_onedriveforbusiness"}},"parameterHintsV2":{"workflowName":{"value":"325219d5-ba6b-4284-be94-52001b5a1f91"},"workflowEntityId":{},"shared_onedriveforbusiness":{"value":"5e24d890-1e4f-48cc-bed1-83dd45d28d9a"}},"isOnPremiseConnection":false,"bypassConsent":false,"dataSets":{},"apiTier":"Standard","isCustomApiConnection":false,"actions":["Run"],"nestedActions":[{"id":"/providers/Microsoft.PowerApps/apis/shared_onedriveforbusiness/apiOperations/CreateFile","apiName":"OneDrive for Business","actionName":"CreateFile","referencedResources":[]},{"id":"/providers/Microsoft.PowerApps/apis/shared_onedriveforbusiness/apiOperations/CreateShareLinkV2","apiName":"OneDrive for Business","actionName":"CreateShareLinkV2","referencedResources":[]}]},"33a8a7c5-746c-471f-b433-410e47e1975f":{"id":"e168f839-78b5-4355-b2ca-fd977104c234","displayName":"Logic flows","iconUri":"https://connectoricons-prod.azureedge.net/releases/v1.0.1645/1.0.1645.3345/logicflows/icon.png","dataSources":["TimeSheetExport"],"dependencies":["5b52a149-80b8-4dcb-9085-4f707d043069","c87f8ae4-6843-439c-a2a8-3466937ef8b6"],"dependents":[],"parameterHints":{"workflowName":{"value":"fa2f4ca2-6c2b-4ece-a389-f098f813702b"},"workflowEntityId":{},"5b52a149-80b8-4dcb-9085-4f707d043069":{"value":"shared_sharepointonline"},"c87f8ae4-6843-439c-a2a8-3466937ef8b6":{"value":"shared_office365"}},"parameterHintsV2":{"workflowName":{"value":"fa2f4ca2-6c2b-4ece-a389-f098f813702b"},"workflowEntityId":{},"shared_sharepointonline":{"value":"5b52a149-80b8-4dcb-9085-4f707d043069"},"shared_office365":{"value":"c87f8ae4-6843-439c-a2a8-3466937ef8b6"}},"isOnPremiseConnection":false,"bypassConsent":false,"dataSets":{},"apiTier":"Standard","isCustomApiConnection":false,"actions":["Run"],"nestedActions":[{"id":"/providers/Microsoft.PowerApps/apis/shared_sharepointonline/apiOperations/GetItems","apiName":"SharePoint","actionName":"GetItems","referencedResources":[{"key":"site","value":"https://bauergroup.sharepoint.com/sites/P-BKJV-BCP-UK-HS2-C2-C3-03A44110025"},{"key":"list","value":"ed81256d-cccb-46a6-8890-05c9775ba2c4"}]},{"id":"/providers/Microsoft.PowerApps/apis/shared_office365/apiOperations/SendEmailV2","apiName":"Office 365 Outlook","actionName":"SendEmailV2","referencedResources":[]}]},"c87f8ae4-6843-439c-a2a8-3466937ef8b6":{"id":"2b71c4cc-4bfe-40fb-8ace-bab39eb2aed3","displayName":"Office 365 Outlook","iconUri":"https://connectoricons-prod.azureedge.net/u/laborbol/partial-builds/390724148/1.0.1641.3327/office365/icon.png","dataSources":[],"dependencies":[],"dependents":["33a8a7c5-746c-471f-b433-410e47e1975f"],"parameterHints":{},"parameterHintsV2":{},"isOnPremiseConnection":false,"bypassConsent":false,"dataSets":{},"apiTier":"Standard","isCustomApiConnection":false},"b1afdd52-963c-461d-a7b7-dba0fffb3c00":{"id":"efc4b18b-e8ae-408d-9558-5a6f5708cf24","displayName":"MSN Weather","iconUri":"https://connectoricons-prod.azureedge.net/releases/v1.0.1646/1.0.1646.3354/msnweather/icon.png","dataSources":["MSNWeather"],"dependencies":[],"dependents":[],"parameterHints":{},"parameterHintsV2":{},"isOnPremiseConnection":false,"bypassConsent":false,"dataSets":{},"apiTier":"Standard","isCustomApiConnection":false,"actions":["CurrentWeather"]},"f0a2d123-cb5f-4268-87d5-89ac47ee584f":{"id":"c8e0f49c-0d38-4881-9efd-74720d95c878","displayName":"Microsoft Translator","iconUri":"https://connectoricons-prod.azureedge.net/releases/v1.0.1623/1.0.1623.3210/microsofttranslator/icon.png","dataSources":["MicrosoftTranslator"],"dependencies":[],"dependents":[],"parameterHints":{},"parameterHintsV2":{},"isOnPremiseConnection":false,"sharedConnectionId":"1b3dd6d2-8e9f-4eca-bc33-bb8b16b12874","bypassConsent":false,"dataSets":{},"apiTier":"Standard","isCustomApiConnection":false,"actions":["Translate"]}},"databaseReferences":{"default.cds":{"databaseDetails":{"referenceType":"Environmental","environmentName":"default.cds","overrideValues":{"status":"NotSpecified"}},"dataSources":{"43b0dc67-68af-47ae-9a9c-9e69d396ba3e":{"entitySetName":"msdyn_aimodels","logicalName":"msdyn_aimodel"}},"actions":["providers/PowerPlatform.Governance/Operations/Read"]}},"almMode":"Environment","performanceOptimizationEnabled":true,"canConsumeAppPass":true,"enableModernRuntimeMode":false,"executionRestrictions":{"isTeamsOnly":false,"dataLossPreventionEvaluationResult":{"status":"Compliant","lastEvaluationDate":"2023-08-01T15:24:36.1911742Z","violations":[],"violationsByPolicy":[],"violationErrorMessage":"The app uses the following connectors: shared_sharepointonline, shared_logicflows, shared_office365users, shared_onedriveforbusiness, shared_office365, shared_msnweather, shared_microsofttranslator, shared_commondataservice."},"httpActionRestriction":{"appUsesSharepointHttpAction":false,"enforcementStrategy":"Legacy","evaluationTime":"2023-08-01T15:24:36.1909979Z"}}},"appType":"ClassicCanvasApp","appComponents":[]}}