{"name":"eba6dbec-9608-472b-9f75-876ed1db6a74","id":"/providers/Microsoft.Flow/flows/eba6dbec-9608-472b-9f75-876ed1db6a74","type":"Microsoft.Flow/flows","properties":{"apiId":"/providers/Microsoft.PowerApps/apis/shared_logicflows","displayName":"TimeSheet Export","definition":{"metadata":{"workflowEntityId":null,"processAdvisorMetadata":null,"flowChargedByPaygo":null,"flowclientsuspensionreason":"None","flowclientsuspensiontime":null,"flowclientsuspensionreasondetails":null,"creator":{"id":"d0cd72af-174b-405d-adcc-3264df8219f4","type":"User","tenantId":"de8311f0-8d17-417f-a9e9-8c79a42084d9"},"provisioningMethod":"FromDefinition","failureAlertSubscription":true,"clientLastModifiedTime":"2023-06-02T14:29:50.1352795Z"},"$schema":"https://schema.management.azure.com/providers/Microsoft.Logic/schemas/2016-06-01/workflowdefinition.json#","contentVersion":"1.0.0.0","parameters":{"$connections":{"defaultValue":{},"type":"Object"},"$authentication":{"defaultValue":{},"type":"SecureObject"}},"triggers":{"manual":{"metadata":{"operationMetadataId":"c800b456-5d69-43d9-aa78-ad2bbca6a2fc"},"type":"Request","kind":"PowerAppV2","inputs":{"schema":{"type":"object","properties":{"text":{"title":"Supervisor","type":"string","x-ms-dynamically-added":true,"description":"Please enter your input","x-ms-content-hint":"TEXT"}},"required":["text"]}}}},"actions":{"Get_items":{"runAfter":{},"metadata":{"operationMetadataId":"038353ce-3a98-45ab-8231-844e7af9e72f"},"type":"OpenApiConnection","inputs":{"host":{"apiId":"/providers/Microsoft.PowerApps/apis/shared_sharepointonline","connectionName":"shared_sharepointonline","operationId":"GetItems"},"parameters":{"dataset":"https://bauergroup.sharepoint.com/sites/P-BKJV-BCP-UK-HS2-C2-C3-03A44110025","table":"ed81256d-cccb-46a6-8890-05c9775ba2c4","$filter":"Supervisor eq '@{triggerBody()['text']}'"},"authentication":{"value":"@json(decodeBase64(triggerOutputs().headers['X-MS-APIM-Tokens']))['$ConnectionKey']","type":"Raw"}}},"Create_CSV_table":{"runAfter":{"Get_items":["Succeeded"]},"metadata":{"operationMetadataId":"e519db1e-cce0-4eab-bd8b-4855fbe1eb93"},"type":"Table","inputs":{"from":"@outputs('Get_items')?['body/value']","format":"CSV","columns":[{"header":"Employee","value":"@item()?['Employee']"},{"header":"Supervisor","value":"@item()?['Supervisor']"},{"header":"BillTo","value":"@item()?['BillTo']"},{"header":"Monday","value":"@item()?['MonHours']"},{"header":"Tuesday","value":"@item()?['TueHours']"},{"header":"Wednesday","value":"@item()?['WedHours']"},{"header":"Thursday","value":"@item()?['ThuHours']"},{"header":"Friday","value":"@item()?['FriHours']"}]}},"Switch":{"runAfter":{"Create_CSV_table":["Succeeded"]},"cases":{"Case":{"case":"Richard Jones","actions":{"Compose":{"runAfter":{},"type":"Compose","inputs":true},"Send_an_email_(V2)":{"runAfter":{"Compose":["Succeeded"]},"metadata":{"operationMetadataId":"25c7731c-4561-4e30-9946-0aba1fdad997"},"type":"OpenApiConnection","inputs":{"host":{"apiId":"/providers/Microsoft.PowerApps/apis/shared_office365","connectionName":"shared_office365","operationId":"SendEmailV2"},"parameters":{"emailMessage/To":"harry.agyemang@bkjv.co.uk","emailMessage/Subject":"Timesheet Report","emailMessage/Body":"<p>New Attached is the Timesheet</p>","emailMessage/Attachments":[{"Name":"Timesheet Report.csv","ContentBytes":"@body('Create_CSV_table')"}],"emailMessage/Importance":"Normal"},"authentication":{"value":"@json(decodeBase64(triggerOutputs().headers['X-MS-APIM-Tokens']))['$ConnectionKey']","type":"Raw"}}}}}},"default":{"actions":{}},"expression":"@triggerBody()['text']","metadata":{"operationMetadataId":"c5b89cdd-ec4c-4854-a2f8-c8a28bf4eb5c"},"type":"Switch"}}},"connectionReferences":{"shared_sharepointonline":{"connectionName":"489254ba1c63498bb43bea5c4c908ad7","source":"Invoker","id":"/providers/Microsoft.PowerApps/apis/shared_sharepointonline","tier":"NotSpecified"},"shared_office365":{"connectionName":"shared-office365-cd5205e6-46db-45a6-a3f3-b7c3acc350ad","source":"Invoker","id":"/providers/Microsoft.PowerApps/apis/shared_office365","tier":"NotSpecified"}},"flowFailureAlertSubscribed":false,"isManaged":false}}