{"name":"69ee97fe-e729-45d8-b436-0768702bbb81","id":"/providers/Microsoft.Flow/flows/69ee97fe-e729-45d8-b436-0768702bbb81","type":"Microsoft.Flow/flows","properties":{"apiId":"/providers/Microsoft.PowerApps/apis/shared_logicflows","displayName":"SaveScanLocation","definition":{"metadata":{"workflowEntityId":null,"processAdvisorMetadata":null,"flowclientsuspensionreason":"None","flowclientsuspensiontime":null,"flowclientsuspensionreasondetails":null,"creator":{"id":"d0cd72af-174b-405d-adcc-3264df8219f4","type":"User","tenantId":"de8311f0-8d17-417f-a9e9-8c79a42084d9"},"provisioningMethod":"FromDefinition","failureAlertSubscription":true,"clientLastModifiedTime":"2022-09-14T10:20:12.873583Z"},"$schema":"https://schema.management.azure.com/providers/Microsoft.Logic/schemas/2016-06-01/workflowdefinition.json#","contentVersion":"1.0.0.0","parameters":{"$connections":{"defaultValue":{},"type":"Object"},"$authentication":{"defaultValue":{},"type":"SecureObject"}},"triggers":{"manual":{"metadata":{"operationMetadataId":"58e3f870-0230-4775-90cd-840d0836478d"},"type":"Request","kind":"PowerApp","inputs":{"schema":{"type":"object","properties":{"Createitem_Who":{"type":"string","x-ms-powerflows-param-ispartial":false},"Createitem_When":{"type":"string","format":"date-time","x-ms-powerflows-param-ispartial":false},"Createitem_LocationLongitude":{"type":"string","x-ms-powerflows-param-ispartial":false},"Createitem_LocationLatitude":{"type":"string","x-ms-powerflows-param-ispartial":false}},"required":["Createitem_Who","Createitem_When","Createitem_LocationLongitude","Createitem_LocationLatitude"]}}}},"actions":{"Create_item":{"runAfter":{},"metadata":{"operationMetadataId":"06257caf-befe-4628-8095-2a401aec81de"},"type":"OpenApiConnection","inputs":{"host":{"apiId":"/providers/Microsoft.PowerApps/apis/shared_sharepointonline","connectionName":"shared_sharepointonline","operationId":"PostItem"},"parameters":{"dataset":"https://bauergroup.sharepoint.com/sites/P-BKJV-BCP-UK-HS2-C2-C3-03A44110025","table":"5b8049e6-bc02-4f4f-9a7d-94e715166ec5","item/Who":"@triggerBody()['Createitem_Who']","item/When":"@triggerBody()['Createitem_When']","item/LocationLongitude":"@triggerBody()['Createitem_LocationLongitude']","item/LocationLatitude":"@triggerBody()['Createitem_LocationLatitude']"},"authentication":{"value":"@json(decodeBase64(triggerOutputs().headers['X-MS-APIM-Tokens']))['$ConnectionKey']","type":"Raw"}}}}},"connectionReferences":{"shared_sharepointonline":{"connectionName":"489254ba1c63498bb43bea5c4c908ad7","source":"Invoker","id":"/providers/Microsoft.PowerApps/apis/shared_sharepointonline","tier":"NotSpecified"}},"flowFailureAlertSubscribed":false,"isManaged":false}}