{"name":"393c301b-6f41-4d01-bd0a-955ed6785171","id":"/providers/Microsoft.Flow/flows/393c301b-6f41-4d01-bd0a-955ed6785171","type":"Microsoft.Flow/flows","properties":{"apiId":"/providers/Microsoft.PowerApps/apis/shared_logicflows","displayName":"PPE Shopping Cart","definition":{"metadata":{"workflowEntityId":null,"processAdvisorMetadata":null,"flowclientsuspensionreason":"None","flowclientsuspensiontime":null,"flowclientsuspensionreasondetails":null,"creator":{"id":"d0cd72af-174b-405d-adcc-3264df8219f4","type":"User","tenantId":"de8311f0-8d17-417f-a9e9-8c79a42084d9"},"provisioningMethod":"FromDefinition","failureAlertSubscription":true,"clientLastModifiedTime":"2023-03-31T09:28:06.3055989Z"},"$schema":"https://schema.management.azure.com/providers/Microsoft.Logic/schemas/2016-06-01/workflowdefinition.json#","contentVersion":"1.0.0.0","parameters":{"$connections":{"defaultValue":{},"type":"Object"},"$authentication":{"defaultValue":{},"type":"SecureObject"}},"triggers":{"When_an_item_is_created":{"recurrence":{"frequency":"Minute","interval":5},"splitOn":"@triggerOutputs()?['body/value']","metadata":{"operationMetadataId":"da5aa04e-7495-4cb2-8fbb-edbd4414abaf"},"type":"OpenApiConnection","inputs":{"host":{"apiId":"/providers/Microsoft.PowerApps/apis/shared_sharepointonline","connectionName":"shared_sharepointonline","operationId":"GetOnNewItems"},"parameters":{"dataset":"https://bauergroup.sharepoint.com/sites/P-BKJV-BCP-UK-HS2-C2-C3-03A44110025","table":"34ab15f2-cba2-44a0-a54a-a899ee80da78"},"authentication":"@parameters('$authentication')"}}},"actions":{"Get_items":{"runAfter":{},"metadata":{"operationMetadataId":"a188470c-c03a-41db-826d-11fa2e495d89"},"type":"OpenApiConnection","inputs":{"host":{"apiId":"/providers/Microsoft.PowerApps/apis/shared_sharepointonline","connectionName":"shared_sharepointonline","operationId":"GetItems"},"parameters":{"dataset":"https://bauergroup.sharepoint.com/sites/P-BKJV-BCP-UK-HS2-C2-C3-03A44110025","table":"b463c865-67cf-4fd6-88d3-05c7011ce3e8","$filter":"OrderID eq'@{triggerOutputs()?['body/ID']}'"},"authentication":"@parameters('$authentication')"}},"Get_file_content_using_path":{"runAfter":{"Get_items":["Succeeded"]},"metadata":{"operationMetadataId":"65a5a21a-5bf7-429a-b53d-60d7c0b390ca"},"type":"OpenApiConnection","inputs":{"host":{"apiId":"/providers/Microsoft.PowerApps/apis/shared_sharepointonline","connectionName":"shared_sharepointonline","operationId":"GetFileContentByPath"},"parameters":{"dataset":"https://bauergroup-my.sharepoint.com/personal/harry_agyemang_bauertech_co_uk/_layouts/15/onedrive.aspx?login_hint=harry%2Eagyemang%40bauertech%2Eco%2Euk&id=%2Fpersonal%2Fharry%5Fagyemang%5Fbauertech%5Fco%5Fuk%2FDocuments%2FDocuments%2FDailyTest","path":"/Documents/Documents/DailyTest/imageedit_2_5652466574.png","inferContentType":true},"authentication":"@parameters('$authentication')"}},"Initialize_variable":{"runAfter":{"Get_file_content_using_path":["Succeeded"]},"metadata":{"operationMetadataId":"2fc83932-202e-4c37-b0a7-04acb562a9a1"},"type":"InitializeVariable","inputs":{"variables":[{"name":"TableVar","type":"string"}]}},"Initialize_variable_2":{"runAfter":{"Initialize_variable":["Succeeded"]},"metadata":{"operationMetadataId":"7b67a085-bcab-4b64-a1f0-fdf0a68d9d4e"},"type":"InitializeVariable","inputs":{"variables":[{"name":"DataURi","type":"string","value":"@{dataUri(outputs('Get_file_content_using_path')?['body'])}"}]}},"Initialize_variable_3":{"runAfter":{"Initialize_variable_2":["Succeeded"]},"metadata":{"operationMetadataId":"5e5b2297-4e17-4221-9a99-42a918d20337"},"type":"InitializeVariable","inputs":{"variables":[{"name":"html","type":"string","value":"@{concat('<img src=\"', variables('dataURi'), '\"/>')}"}]}},"Apply_to_each":{"foreach":"@outputs('Get_items')?['body/value']","actions":{"Append_to_string_variable":{"runAfter":{},"metadata":{"operationMetadataId":"99a9a445-babc-45ea-a272-bd4045ea1920"},"type":"AppendToStringVariable","inputs":{"name":"TableVar","value":"<tr>\n<td id=\"td2\">@{items('Apply_to_each')?['Title']}</th>\n<td id=\"td1\">@{items('Apply_to_each')?['QTY']}</th>\n<td id=\"td1\">@{items('Apply_to_each')?['ItemSize']}</th>\n</tr>"}}},"runAfter":{"Rec":["Succeeded"]},"metadata":{"operationMetadataId":"dda8d0af-9c5f-4f79-a480-87b059f1f69e"},"type":"Foreach"},"Create_file":{"runAfter":{"Initialize_variable_4":["Succeeded"]},"metadata":{"operationMetadataId":"5b50f690-b8b3-4691-81d2-84c7d331d4b0"},"type":"OpenApiConnection","inputs":{"host":{"apiId":"/providers/Microsoft.PowerApps/apis/shared_onedriveforbusiness","connectionName":"shared_onedriveforbusiness","operationId":"CreateFile"},"parameters":{"folderPath":"/Documents/DailyTest","name":"NewForm.html","body":"@variables('HTML Content')"},"authentication":"@parameters('$authentication')"},"runtimeConfiguration":{"contentTransfer":{"transferMode":"Chunked"}}},"Convert_file_using_path":{"runAfter":{"Create_file":["Succeeded"]},"metadata":{"operationMetadataId":"08caa6b1-e975-4320-8338-c07d866c1aad"},"type":"OpenApiConnection","inputs":{"host":{"apiId":"/providers/Microsoft.PowerApps/apis/shared_onedriveforbusiness","connectionName":"shared_onedriveforbusiness","operationId":"ConvertFileByPath"},"parameters":{"path":"@outputs('Create_file')?['body/Path']","type":"PDF"},"authentication":"@parameters('$authentication')"}},"Send_an_email_(V2)":{"runAfter":{"Convert_file_using_path":["Succeeded"]},"metadata":{"operationMetadataId":"dabc3d58-54a9-4806-8cd4-c4e28c6524bf"},"type":"OpenApiConnection","inputs":{"host":{"apiId":"/providers/Microsoft.PowerApps/apis/shared_office365","connectionName":"shared_office365","operationId":"SendEmailV2"},"parameters":{"emailMessage/To":"@triggerOutputs()?['body/Author/Email']","emailMessage/Subject":"PPE Request ","emailMessage/Body":"<p>Hello,<br>\n<br>\nAttached is a PDF copy of the form<br>\n<br>\nID Number: @{triggerOutputs()?['body/ID']}<br>\n<br>\nKind regards</p>","emailMessage/Attachments":[{"Name":"@{triggerOutputs()?['body/Title']}- BKJV PPE Requisition Form.pdf","ContentBytes":"@body('Convert_file_using_path')"}],"emailMessage/Importance":"Normal"},"authentication":"@parameters('$authentication')"}},"Initialize_variable_4":{"runAfter":{"Apply_to_each":["Succeeded"]},"metadata":{"operationMetadataId":"3dc4b2e7-0c5b-41f9-a69d-578df8512edc"},"type":"InitializeVariable","inputs":{"variables":[{"name":"HTML Content","type":"string","value":"<!DOCTYPE html>\n<html>\n<br><br>\n<head>\n<style>\ntable, th, td {\n border: 1px solid black;\n border-collapse: collapse;\n\n}\nth, td {\n padding: 5px;\n text-align: left;\n\n}\n\n</style>\n</head>\n<body>\n<br>\n<table style=\"width:100%\">\n  <tr>\n    <th><img src=\"@{variables('dataURi')}\", \" width=\"245\" height=\"50\", alt=\"BKJV\"\"></th>\n\n    <th>BKJV PPE Requisition Form</th>\n\n  </tr>\n      \n</table>\n\n</table> \n<h5>ID Number:@{triggerOutputs()?['body/ID']} </h5>\n<table style=\"width:100%\">\n <tr>\n   <th style=\"width:58%\">Name</th>\n   <td>@{triggerOutputs()?['body/Title']}</td>\n </tr>\n <tr>\n   <th>Requestor</th>\n   <td>@{triggerOutputs()?['body/Requestor']}</td>\n </tr>\n <tr>\n   <th>Date Submitted</th>\n   <td>@{outputs('Compose')}</td>\n </tr>\n <tr>\n   <th>Date Required</th>\n   <td>@{outputs('Req')}</td>\n </tr>\n <tr>\n   <th>Date Ordered</th>\n   <td>@{outputs('Order')}</td>\n </tr>\n <tr>\n   <th>Date Received</th>\n   <td>@{outputs('Rec')}</td>\n </tr>\n</table>\n<br>\n\n\n<br>\n<table style=\"width:100%\">\n  <tr>\n      <th>Comments</th>\n  </tr>\n  <tr>\n    <td>\n         <textarea rows = \"5\" cols = \"90\" name = \"description\">\n@{triggerOutputs()?['body/Comments']}\n         </textarea>\n\n    </td>\n    \n\n  </tr>\n\n</table> \n<br>\n\n\n<br>\n\n<table style=\"width:100%\">\n <tr>\n    <th colspan=\"3\">Ordered Items</th>\n  </tr>\n  <tr>\n<td><u>Name</u></td>\n    <td style=\"width:15%\"><u>Quantity</u></td>\n<td style=\"width:15%\"><u>Item Size</u></td>\n\n</tr>\n@{variables('TableVar')}\n  \n\n </table>\n\n\n<br>\n\n\n\n\n\n\n</body>\n</html>"}]}},"Rec":{"runAfter":{"Order":["Succeeded"]},"metadata":{"operationMetadataId":"fb2b8e0f-8d06-4555-9bc9-def05c5574f0"},"type":"Compose","inputs":"@if(empty(triggerOutputs()?['body/DateReceived']), 'null', formatDateTime(triggerOutputs()?['body/DateReceived'], 'dd/MM/yyyy'))"},"Compose":{"runAfter":{"Initialize_variable_3":["Succeeded"]},"metadata":{"operationMetadataId":"fb2b8e0f-8d06-4555-9bc9-def05c5574f0"},"type":"Compose","inputs":"@if(empty(triggerOutputs()?['body/DateSubmitted']), 'null', formatDateTime(triggerOutputs()?['body/DateSubmitted'], 'dd/MM/yyyy'))"},"Req":{"runAfter":{"Compose":["Succeeded"]},"metadata":{"operationMetadataId":"fb2b8e0f-8d06-4555-9bc9-def05c5574f0"},"type":"Compose","inputs":"@if(empty(triggerOutputs()?['body/DateRequired']), 'null', formatDateTime(triggerOutputs()?['body/DateRequired'], 'dd/MM/yyyy'))"},"Order":{"runAfter":{"Req":["Succeeded"]},"metadata":{"operationMetadataId":"fb2b8e0f-8d06-4555-9bc9-def05c5574f0"},"type":"Compose","inputs":"@if(empty(triggerOutputs()?['body/DateOrdered']), 'null', formatDateTime(triggerOutputs()?['body/DateOrdered'], 'dd/MM/yyyy'))"}}},"connectionReferences":{"shared_sharepointonline":{"connectionName":"489254ba1c63498bb43bea5c4c908ad7","source":"Embedded","id":"/providers/Microsoft.PowerApps/apis/shared_sharepointonline","tier":"NotSpecified"},"shared_onedriveforbusiness":{"connectionName":"022351fc003744e6aa3b5b9336ae9165","source":"Embedded","id":"/providers/Microsoft.PowerApps/apis/shared_onedriveforbusiness","tier":"NotSpecified"},"shared_office365":{"connectionName":"shared-office365-cd5205e6-46db-45a6-a3f3-b7c3acc350ad","source":"Embedded","id":"/providers/Microsoft.PowerApps/apis/shared_office365","tier":"NotSpecified"}},"flowFailureAlertSubscribed":false,"isManaged":false}}