{"name":"e3acc229-5367-4d58-9ed1-36bf546a87e1","id":"/providers/Microsoft.Flow/flows/e3acc229-5367-4d58-9ed1-36bf546a87e1","type":"Microsoft.Flow/flows","properties":{"apiId":"/providers/Microsoft.PowerApps/apis/shared_logicflows","displayName":"ExportAdmin","definition":{"metadata":{"workflowEntityId":null,"processAdvisorMetadata":null,"flowChargedByPaygo":null,"flowclientsuspensionreason":"None","flowclientsuspensiontime":null,"flowclientsuspensionreasondetails":null,"creator":{"id":"d0cd72af-174b-405d-adcc-3264df8219f4","type":"User","tenantId":"de8311f0-8d17-417f-a9e9-8c79a42084d9"},"provisioningMethod":"FromDefinition","failureAlertSubscription":true,"clientLastModifiedTime":"2023-07-19T12:00:18.2976101Z"},"$schema":"https://schema.management.azure.com/providers/Microsoft.Logic/schemas/2016-06-01/workflowdefinition.json#","contentVersion":"1.0.0.0","parameters":{"$connections":{"defaultValue":{},"type":"Object"},"$authentication":{"defaultValue":{},"type":"SecureObject"}},"triggers":{"manual":{"metadata":{"operationMetadataId":"5ffb6022-dcc2-4696-b56c-2be1c5ca7be5"},"type":"Request","kind":"PowerApp","inputs":{"schema":{"type":"object","properties":{"Content_Inputs":{"type":"any","description":"Inputs","x-ms-powerflows-param-ispartial":false}},"required":["Content_Inputs"]}}}},"actions":{"Content":{"runAfter":{},"metadata":{"operationMetadataId":"d4779a48-832c-460b-afcd-788e18c19d84"},"type":"Compose","inputs":"@triggerBody()['Content_Inputs']"},"Create_CSV_table":{"runAfter":{"Select_2":["Succeeded"]},"metadata":{"operationMetadataId":"e0ada742-78a7-4ee4-ac8d-61cdcc3fa545"},"type":"Table","inputs":{"from":"@body('Select_2')","format":"CSV"}},"Create_file":{"runAfter":{"Create_CSV_table":["Succeeded"]},"metadata":{"operationMetadataId":"462cb462-c303-407e-8b46-2f6f84933074"},"type":"OpenApiConnection","inputs":{"host":{"apiId":"/providers/Microsoft.PowerApps/apis/shared_onedriveforbusiness","connectionName":"shared_onedriveforbusiness","operationId":"CreateFile"},"parameters":{"folderPath":"/ExportExcelPowerApp/","name":"@{formatDateTime(utcNow(), 'dd-MM-yyyy')} - TimesheetData.csv","body":"@body('Create_CSV_table')"},"authentication":{"value":"@json(decodeBase64(triggerOutputs().headers['X-MS-APIM-Tokens']))['$ConnectionKey']","type":"Raw"}},"runtimeConfiguration":{"contentTransfer":{"transferMode":"Chunked"}}},"Create_share_link":{"runAfter":{"Create_file":["Succeeded"]},"metadata":{"operationMetadataId":"5bd2a643-dd11-4dfd-b85d-48d2a2db0e36"},"type":"OpenApiConnection","inputs":{"host":{"apiId":"/providers/Microsoft.PowerApps/apis/shared_onedriveforbusiness","connectionName":"shared_onedriveforbusiness","operationId":"CreateShareLinkV2"},"parameters":{"id":"@outputs('Create_file')?['body/Id']","type":"Edit","scope":"Organization"},"authentication":{"value":"@json(decodeBase64(triggerOutputs().headers['X-MS-APIM-Tokens']))['$ConnectionKey']","type":"Raw"}}},"Respond_to_a_PowerApp_or_flow":{"runAfter":{"Create_share_link":["Succeeded"]},"metadata":{"operationMetadataId":"d4957e7a-fb0b-4318-99b2-840016065d80"},"type":"Response","kind":"PowerApp","inputs":{"statusCode":200,"body":{"filelink":"@outputs('Create_share_link')?['body/WebUrl']"},"schema":{"type":"object","properties":{"filelink":{"title":"fileLink","x-ms-dynamically-added":true,"type":"string"}}}}},"Select_2":{"runAfter":{"Content":["Succeeded"]},"metadata":{"operationMetadataId":"213e6422-64cb-4edd-8f3b-0501cdba0c64"},"type":"Select","inputs":{"from":"@json(outputs('Content'))","select":{"Start Week - End Week":"@item()?['Title']","Week":"@item()?['Week']","Project Ref":"@item()?['ProjectRef']","Project / Department":"@item()?['Project_x002f_DepartmentName']","Employee":"@item()?['EName']","Manager":"@item()['Manager']['DisplayName']","Manager Approver One ":"@item()['SecondApprover'][0]['DisplayName']","Manager Approver Two":"@item()['SecondApprover'][1]['DisplayName']","Manager Approver Three ":"@if(empty(item()['SecondApprover'][2]['DisplayName']),'',item()['SecondApprover'][2]['DisplayName'])","Monthly / Weekly Paid":"@item()['Monthly_x002f_WeeklyPaid']['Value']","Position":"@item()?['Position']","Asset Title":"@if(empty(item()?['Asset_x0020_Title']?['Value']),'',item()?['Asset_x0020_Title']?['Value'])","Company":"@item()?['Company']","Monday":"@item()?['Mon']","Tuesday":"@item()?['Tue']","Wednesday":"@item()?['Weds']","Thursday":"@item()?['Thurs']","Friday":"@item()?['Fri']","Saturday":"@item()?['Sat']","Sunday":"@item()?['Sun']","Training / Medical (10 hrs / day)":"@item()?['Training_x002f_Medical_x0028_10h']","Total Hours Worked":"@item()?['Total']","Lunch Break deducted":"@item()?['Lunchbreakdeducted']","Laundry":"@item()?['Laundry']","Travel Time (Hours)":"@item()?['Lodge_x0028_NumberofNights_x0029']","Shifts Worked":"@item()?['ShiftsWorked']","Bonus":"@item()?['Bonus']","Lodge (Number of nights)":"@item()?['Lodge_x0028_NumberofNights_x0029']","Comments (Reason for absence,hours missed from previous weeks etc)":"@item()?['Comments']","Status":"@item()['Status']['Value']","Approval Comments":"@item()?['ApprovalComments']","Week Start":"@item()?['WeekStart']","Week End":"@item()?['WeekEnd']","Date":"@item()?['Date']","Submit Date":"@item()?['SubmitDate']"}}}}},"connectionReferences":{"shared_onedriveforbusiness":{"connectionName":"022351fc003744e6aa3b5b9336ae9165","source":"Invoker","id":"/providers/Microsoft.PowerApps/apis/shared_onedriveforbusiness","tier":"NotSpecified"}},"flowFailureAlertSubscribed":false,"isManaged":false}}