{"name":"a66d29f8-f440-4206-8d6d-9ab7ed348ad9","id":"/providers/Microsoft.Flow/flows/a66d29f8-f440-4206-8d6d-9ab7ed348ad9","type":"Microsoft.Flow/flows","properties":{"apiId":"/providers/Microsoft.PowerApps/apis/shared_logicflows","displayName":"Sign","definition":{"metadata":{"workflowEntityId":null,"processAdvisorMetadata":null,"flowclientsuspensionreason":"None","flowclientsuspensiontime":null,"flowclientsuspensionreasondetails":null,"creator":{"id":"d0cd72af-174b-405d-adcc-3264df8219f4","type":"User","tenantId":"de8311f0-8d17-417f-a9e9-8c79a42084d9"},"provisioningMethod":"FromDefinition","failureAlertSubscription":true,"clientLastModifiedTime":"2023-01-09T11:30:10.6886437Z"},"$schema":"https://schema.management.azure.com/providers/Microsoft.Logic/schemas/2016-06-01/workflowdefinition.json#","contentVersion":"1.0.0.0","parameters":{"$connections":{"defaultValue":{},"type":"Object"},"$authentication":{"defaultValue":{},"type":"SecureObject"}},"triggers":{"manual":{"metadata":{"operationMetadataId":"912c7c19-5ff3-45d4-9740-c81883489977"},"type":"Request","kind":"PowerApp","inputs":{"schema":{"type":"object","properties":{"Createfile_FileContent":{"type":"string","format":"binary","description":"The content of the file.. This parameter is used as part of \"329452F9-0BF7-42E4-A72E-87B2C310A045\"","x-ms-powerflows-param-ispartial":true},"Createfile_FileContent_1":{"type":"string"}},"required":["Createfile_FileContent","Createfile_FileContent_1"]}}}},"actions":{"Create_file":{"runAfter":{},"metadata":{"operationMetadataId":"56c49873-a090-43a1-80d0-f27600caa157"},"type":"OpenApiConnection","inputs":{"host":{"apiId":"/providers/Microsoft.PowerApps/apis/shared_onedriveforbusiness","connectionName":"shared_onedriveforbusiness","operationId":"CreateFile"},"parameters":{"folderPath":"/Documents/Harry","name":"ConsentForm.html","body":"<!DOCTYPE html>\n<html>\n<head>\n<title>Page Title</title>\n</head>\n<body>\n\n<h1>This is a Heading</h1>\n<p>This is a paragraph.</p>\n\nSigned By: @{triggerBody()['Createfile_FileContent']}\n<img width=\"100px\" src=@{triggerBody()['Createfile_FileContent_1']}>\n</body>\n</html>"},"authentication":{"value":"@json(decodeBase64(triggerOutputs().headers['X-MS-APIM-Tokens']))['$ConnectionKey']","type":"Raw"}},"runtimeConfiguration":{"contentTransfer":{"transferMode":"Chunked"}}},"Convert_file_using_path":{"runAfter":{"Create_file":["Succeeded"]},"metadata":{"operationMetadataId":"8577dbd5-3944-499b-97ea-03030fc9ae45"},"type":"OpenApiConnection","inputs":{"host":{"apiId":"/providers/Microsoft.PowerApps/apis/shared_onedriveforbusiness","connectionName":"shared_onedriveforbusiness","operationId":"ConvertFileByPath"},"parameters":{"path":"@outputs('Create_file')?['body/Path']","type":"PDF"},"authentication":{"value":"@json(decodeBase64(triggerOutputs().headers['X-MS-APIM-Tokens']))['$ConnectionKey']","type":"Raw"}}},"Create_file_2":{"runAfter":{"Convert_file_using_path":["Succeeded"]},"metadata":{"operationMetadataId":"7600a1b7-e8ed-48b0-8950-61762adf512b"},"type":"OpenApiConnection","inputs":{"host":{"apiId":"/providers/Microsoft.PowerApps/apis/shared_onedriveforbusiness","connectionName":"shared_onedriveforbusiness","operationId":"CreateFile"},"parameters":{"folderPath":"/Documents/Harry","name":"ConsentForm.pdf","body":"@body('Convert_file_using_path')"},"authentication":{"value":"@json(decodeBase64(triggerOutputs().headers['X-MS-APIM-Tokens']))['$ConnectionKey']","type":"Raw"}},"runtimeConfiguration":{"contentTransfer":{"transferMode":"Chunked"}}},"Get_file_content_using_path":{"runAfter":{"Create_file_2":["Succeeded"]},"metadata":{"operationMetadataId":"324f9f39-6e91-4228-85a5-1d6f25088cf9"},"type":"OpenApiConnection","inputs":{"host":{"apiId":"/providers/Microsoft.PowerApps/apis/shared_onedriveforbusiness","connectionName":"shared_onedriveforbusiness","operationId":"GetFileContentByPath"},"parameters":{"path":"@outputs('Create_file_2')?['body/Path']","inferContentType":true},"authentication":{"value":"@json(decodeBase64(triggerOutputs().headers['X-MS-APIM-Tokens']))['$ConnectionKey']","type":"Raw"}}},"Respond_to_a_PowerApp_or_flow":{"runAfter":{"Get_file_content_using_path":["Succeeded"]},"metadata":{"operationMetadataId":"b590e4a9-6605-4097-a839-a39ea49796ed"},"type":"Response","kind":"PowerApp","inputs":{"statusCode":200,"body":{"pdffile":"@{body('Get_file_content_using_path')['$content']}"},"schema":{"type":"object","properties":{"pdffile":{"title":"pdffile","x-ms-dynamically-added":true,"type":"string","format":"byte"}}}}}}},"connectionReferences":{"shared_onedriveforbusiness":{"connectionName":"022351fc003744e6aa3b5b9336ae9165","source":"Invoker","id":"/providers/Microsoft.PowerApps/apis/shared_onedriveforbusiness","tier":"NotSpecified"}},"flowFailureAlertSubscribed":false,"isManaged":false}}