{"name":"ec4e25c9-fc3c-4b08-b0ee-3708843f3dcb","id":"/providers/Microsoft.Flow/flows/ec4e25c9-fc3c-4b08-b0ee-3708843f3dcb","type":"Microsoft.Flow/flows","properties":{"apiId":"/providers/Microsoft.PowerApps/apis/shared_logicflows","displayName":"Export to Excel","definition":{"metadata":{"workflowEntityId":null,"processAdvisorMetadata":null,"flowclientsuspensionreason":"None","flowclientsuspensiontime":null,"flowclientsuspensionreasondetails":null,"creator":{"id":"d0cd72af-174b-405d-adcc-3264df8219f4","type":"User","tenantId":"de8311f0-8d17-417f-a9e9-8c79a42084d9"},"provisioningMethod":"FromDefinition","failureAlertSubscription":true,"clientLastModifiedTime":"2023-03-10T12:16:57.8735316Z"},"$schema":"https://schema.management.azure.com/providers/Microsoft.Logic/schemas/2016-06-01/workflowdefinition.json#","contentVersion":"1.0.0.0","parameters":{"$connections":{"defaultValue":{},"type":"Object"},"$authentication":{"defaultValue":{},"type":"SecureObject"}},"triggers":{"manual":{"metadata":{"operationMetadataId":"30768d38-f5fa-40ad-b839-a71b64b76b86"},"type":"Request","kind":"PowerApp","inputs":{"schema":{"type":"object","properties":{"Compose_Inputs":{"type":"any","description":"Inputs","x-ms-powerflows-param-ispartial":false}},"required":["Compose_Inputs"]}}}},"actions":{"Compose":{"runAfter":{},"metadata":{"operationMetadataId":"c2e047cb-2b06-4ca6-9941-cc1c1827502a"},"type":"Compose","inputs":"@triggerBody()['Compose_Inputs']"},"Create_CSV_table":{"runAfter":{"Compose":["Succeeded"]},"metadata":{"operationMetadataId":"532bae87-987b-4333-86f7-0720d2574a34"},"type":"Table","inputs":{"from":"@json(outputs('Compose'))","format":"CSV"}},"Create_file":{"runAfter":{"Create_CSV_table":["Succeeded"]},"metadata":{"operationMetadataId":"462cb462-c303-407e-8b46-2f6f84933074"},"type":"OpenApiConnection","inputs":{"host":{"apiId":"/providers/Microsoft.PowerApps/apis/shared_onedriveforbusiness","connectionName":"shared_onedriveforbusiness","operationId":"CreateFile"},"parameters":{"folderPath":"/ExportExcelPowerApp/","name":"@{formatDateTime(utcNow(),'dd-MM-yyyy')} - DataExcel.csv","body":"@body('Create_CSV_table')"},"authentication":{"value":"@json(decodeBase64(triggerOutputs().headers['X-MS-APIM-Tokens']))['$ConnectionKey']","type":"Raw"}},"runtimeConfiguration":{"contentTransfer":{"transferMode":"Chunked"}}},"Create_share_link":{"runAfter":{"Create_file":["Succeeded"]},"metadata":{"operationMetadataId":"13626336-246f-4d18-acd5-d468b3bdb6a8"},"type":"OpenApiConnection","inputs":{"host":{"apiId":"/providers/Microsoft.PowerApps/apis/shared_onedriveforbusiness","connectionName":"shared_onedriveforbusiness","operationId":"CreateShareLinkV2"},"parameters":{"id":"@outputs('Create_file')?['body/Id']","type":"Edit","scope":"Organization"},"authentication":{"value":"@json(decodeBase64(triggerOutputs().headers['X-MS-APIM-Tokens']))['$ConnectionKey']","type":"Raw"}}},"Respond_to_a_PowerApp_or_flow":{"runAfter":{"Create_share_link":["Succeeded"]},"metadata":{"operationMetadataId":"6c180e26-a9b1-404e-82b2-ba80cb269edd"},"type":"Response","kind":"PowerApp","inputs":{"statusCode":200,"body":{"filelink":"@outputs('Create_share_link')?['body/WebUrl']"},"schema":{"type":"object","properties":{"filelink":{"title":"FileLink","x-ms-dynamically-added":true,"type":"string"}}}}}}},"connectionReferences":{"shared_onedriveforbusiness":{"connectionName":"022351fc003744e6aa3b5b9336ae9165","source":"Invoker","id":"/providers/Microsoft.PowerApps/apis/shared_onedriveforbusiness","tier":"NotSpecified"}},"flowFailureAlertSubscribed":false,"isManaged":false}}